seed,arm,design,subset_seed,l2,train_count,feature_dim,avg,wga,train_avg,converged,gradient_max,group_0_accuracy,group_0_count,group_1_accuracy,group_1_count,group_2_accuracy,group_2_count,group_3_accuracy,group_3_count
1,simclr,original_ds_train,0,0.0001,224,512,50.959134101867676,44.967880845069885,100.0,True,9.70279925867719e-08,44.96788024902344,467,50.214595794677734,466,57.142860412597656,133,68.42105102539062,133
1,simclr,original_ds_train,0,0.001,224,512,50.291907787323,44.539615511894226,100.0,True,9.222924753256312e-08,44.539615631103516,467,50.0,466,54.8872184753418,133,66.91729736328125,133
1,simclr,original_ds_train,0,0.01,224,512,50.79232454299927,44.539615511894226,100.0,True,8.180975696056927e-08,44.539615631103516,467,50.858367919921875,466,56.39097595214844,133,66.91729736328125,133
1,simclr,original_ds_train,0,0.1,224,512,50.458717346191406,46.25267684459686,96.875,True,5.998426870316986e-08,46.25267791748047,467,49.78540802001953,466,55.63909912109375,133,62.40601348876953,133
1,simclr,balanced_14_per_group,101,0.0001,56,512,47.206005454063416,30.257511138916016,100.0,True,9.292290402229355e-08,58.02997970581055,467,30.257511138916016,466,42.85714340209961,133,72.93233489990234,133
1,simclr,balanced_14_per_group,101,0.001,56,512,47.28940725326538,30.257511138916016,100.0,True,9.310758746663267e-08,58.244110107421875,467,30.257511138916016,466,42.85714340209961,133,72.93233489990234,133
1,simclr,balanced_14_per_group,101,0.01,56,512,47.12260365486145,29.828324913978577,100.0,True,9.214907679966355e-08,58.244110107421875,467,29.828325271606445,466,42.85714340209961,133,72.93233489990234,133
1,simclr,balanced_14_per_group,101,0.1,56,512,48.12343716621399,31.759655475616455,100.0,True,3.95278453302339e-08,58.45824432373047,467,31.759654998779297,466,44.360904693603516,133,72.93233489990234,133
1,simclr,balanced_14_per_group,102,0.0001,56,512,47.12260365486145,34.47537422180176,100.0,True,6.853032736860657e-08,34.475372314453125,467,56.65236282348633,466,51.12782287597656,133,54.13534164428711,133
1,simclr,balanced_14_per_group,102,0.001,56,512,46.705588698387146,34.47537422180176,100.0,True,8.062310041288628e-08,34.475372314453125,467,55.57939910888672,466,51.12782287597656,133,54.13534164428711,133
1,simclr,balanced_14_per_group,102,0.01,56,512,46.95579707622528,34.26124155521393,100.0,True,8.995311446169559e-08,34.2612419128418,467,55.57939910888672,466,52.6315803527832,133,55.63909912109375,133
1,simclr,balanced_14_per_group,102,0.1,56,512,46.87239229679108,34.68950688838959,100.0,True,9.497907652814691e-08,34.68950653076172,467,54.506439208984375,466,52.6315803527832,133,57.142860412597656,133
1,simclr,balanced_14_per_group,103,0.0001,56,512,50.133444666862495,37.575106620788574,100.0,True,9.482163452470541e-08,57.81584548950195,467,37.553646087646484,466,45.864662170410156,133,71.42857360839844,133
1,simclr,balanced_14_per_group,103,0.001,56,512,50.12510418891907,37.12446391582489,100.0,True,9.839283807860661e-08,57.81584548950195,467,37.12446212768555,466,47.36842346191406,133,71.42857360839844,133
1,simclr,balanced_14_per_group,103,0.01,56,512,50.70892572402954,37.55364716053009,100.0,True,8.854348330885654e-08,58.45824432373047,467,37.553646087646484,466,47.36842346191406,133,72.93233489990234,133
1,simclr,balanced_14_per_group,103,0.1,56,512,51.0425329208374,37.55364716053009,100.0,True,8.2965091208545e-08,58.88650894165039,467,37.553646087646484,466,48.12030029296875,133,73.68421173095703,133
1,simclr,balanced_28_per_group,101,0.0001,112,512,45.2877402305603,36.402568221092224,100.0,True,9.77024730319504e-08,36.40256881713867,467,42.27467727661133,466,63.15789031982422,133,69.17292785644531,133
1,simclr,balanced_28_per_group,101,0.001,112,512,45.45454680919647,37.25910186767578,100.0,True,7.225307563428311e-08,37.25910186767578,467,42.27467727661133,466,61.65413284301758,133,69.17292785644531,133
1,simclr,balanced_28_per_group,101,0.01,112,512,45.78815698623657,38.54389786720276,100.0,True,8.644630643999188e-08,38.54389953613281,467,42.06008529663086,466,60.15037155151367,133,69.92481231689453,133
1,simclr,balanced_28_per_group,101,0.1,112,512,47.78982400894165,42.61241853237152,100.0,True,9.160223182844845e-08,42.61241912841797,467,44.42060089111328,466,55.63909912109375,133,69.92481231689453,133
1,simclr,balanced_28_per_group,102,0.0001,112,512,51.29274129867554,41.113489866256714,100.0,True,9.060984321277748e-08,41.11349105834961,467,58.36909866333008,466,57.142860412597656,133,56.39097595214844,133
1,simclr,balanced_28_per_group,102,0.001,112,512,51.20934247970581,41.32762253284454,100.0,True,9.570043857925014e-08,41.32762145996094,467,57.72532272338867,466,57.142860412597656,133,57.142860412597656,133
1,simclr,balanced_28_per_group,102,0.01,112,512,50.959134101867676,41.32762253284454,100.0,True,6.570979297379313e-08,41.32762145996094,467,55.79398727416992,466,57.894737243652344,133,60.90225601196289,133
1,simclr,balanced_28_per_group,102,0.1,112,512,50.12510418891907,40.685224533081055,100.0,True,9.146672173658554e-08,40.68522644042969,467,54.506439208984375,466,57.142860412597656,133,60.90225601196289,133
1,simclr,balanced_28_per_group,103,0.0001,112,512,55.80483853816987,54.95708167552949,100.0,True,7.229976059012797e-08,55.67451858520508,467,54.93562316894531,466,56.39097595214844,133,58.6466178894043,133
1,simclr,balanced_28_per_group,103,0.001,112,512,54.954127669334405,53.86266112327576,100.0,True,8.661642072338308e-08,54.60385513305664,467,53.8626594543457,466,56.39097595214844,133,58.6466178894043,133
1,simclr,balanced_28_per_group,103,0.01,112,512,55.12927174568176,54.077255725860596,100.0,True,8.469148483848579e-08,54.60385513305664,467,54.07725524902344,466,56.39097595214844,133,59.398494720458984,133
1,simclr,balanced_28_per_group,103,0.1,112,512,55.21267652511597,53.747326135635376,100.0,True,7.04184637679954e-08,53.7473258972168,467,54.506439208984375,466,57.142860412597656,133,60.90225601196289,133
1,crp_sampler_only,original_ds_train,0,0.0001,224,512,49.79149401187897,42.39828586578369,100.0,True,9.233726998468251e-08,42.398284912109375,467,50.42918395996094,466,57.894737243652344,133,65.41353607177734,133
1,crp_sampler_only,original_ds_train,0,0.001,224,512,49.87489581108093,43.25481653213501,100.0,True,9.381206000513723e-08,43.254817962646484,467,50.0,466,57.894737243652344,133,64.66165161132812,133
1,crp_sampler_only,original_ds_train,0,0.01,224,512,49.70808923244476,44.11135017871857,100.0,True,9.899531469050038e-08,44.111351013183594,467,49.356224060058594,466,57.142860412597656,133,63.15789031982422,133
1,crp_sampler_only,original_ds_train,0,0.1,224,512,50.04169940948486,43.89721751213074,96.42857313156128,True,6.864904514639059e-08,43.897216796875,467,51.072959899902344,466,55.63909912109375,133,62.40601348876953,133
1,crp_sampler_only,balanced_14_per_group,101,0.0001,56,512,46.78899049758911,33.47639441490173,100.0,True,6.346280054244589e-08,49.67879867553711,467,33.47639465332031,466,53.38345718383789,133,76.69172668457031,133
1,crp_sampler_only,balanced_14_per_group,101,0.001,56,512,46.37197554111481,33.26180279254913,100.0,True,9.344251706198904e-08,49.25053405761719,467,33.261802673339844,466,53.38345718383789,133,75.18797302246094,133
1,crp_sampler_only,balanced_14_per_group,101,0.01,56,512,46.45538032054901,33.26180279254913,100.0,True,4.34645985534761e-08,49.25053405761719,467,33.261802673339844,466,52.6315803527832,133,76.69172668457031,133
1,crp_sampler_only,balanced_14_per_group,101,0.1,56,512,46.95579707622528,33.47639441490173,100.0,True,8.922927684576476e-08,50.321197509765625,467,33.47639465332031,466,54.13534164428711,133,75.18797302246094,133
1,crp_sampler_only,balanced_14_per_group,102,0.0001,56,512,49.9582976102829,44.11135017871857,100.0,True,7.251591074589219e-08,44.111351013183594,467,54.29184341430664,466,51.87969970703125,133,53.38345718383789,133
1,crp_sampler_only,balanced_14_per_group,102,0.001,56,512,49.79149401187897,43.89721751213074,100.0,True,3.636744245625391e-08,43.897216796875,467,53.648067474365234,466,52.6315803527832,133,54.13534164428711,133
1,crp_sampler_only,balanced_14_per_group,102,0.01,56,512,49.207672476768494,44.11135017871857,100.0,True,9.595754737242584e-08,44.111351013183594,467,52.575103759765625,466,51.12782287597656,133,53.38345718383789,133
1,crp_sampler_only,balanced_14_per_group,102,0.1,56,512,49.2910772562027,44.11135017871857,100.0,True,4.380350535765354e-08,44.111351013183594,467,52.78969955444336,466,51.12782287597656,133,53.38345718383789,133
1,crp_sampler_only,balanced_14_per_group,103,0.0001,56,512,53.46121788024902,42.274677753448486,100.0,True,6.002064862803237e-08,63.59742736816406,467,42.27467727661133,466,45.1127815246582,133,65.41353607177734,133
1,crp_sampler_only,balanced_14_per_group,103,0.001,56,512,54.128438234329224,43.133047223091125,100.0,True,9.306752802490187e-08,64.23983001708984,467,43.13304901123047,466,45.864662170410156,133,65.41353607177734,133
1,crp_sampler_only,balanced_14_per_group,103,0.01,56,512,54.46205139160156,43.347638845443726,100.0,True,5.4476588708693256e-08,64.8822250366211,467,43.34763717651367,466,45.864662170410156,133,65.41353607177734,133
1,crp_sampler_only,balanced_14_per_group,103,0.1,56,512,53.96163463592529,43.133047223091125,100.0,True,8.035133869312323e-08,64.23983001708984,467,43.13304901123047,466,44.360904693603516,133,65.41353607177734,133
1,crp_sampler_only,balanced_28_per_group,101,0.0001,112,512,48.45704734325409,41.54175519943237,100.0,True,9.16523643171951e-08,41.54175567626953,467,46.3519287109375,466,63.15789031982422,133,65.41353607177734,133
1,crp_sampler_only,balanced_28_per_group,101,0.001,112,512,48.12343716621399,41.32762253284454,100.0,True,8.742621432447525e-08,41.32762145996094,467,46.1373405456543,466,61.65413284301758,133,65.41353607177734,133
1,crp_sampler_only,balanced_28_per_group,101,0.01,112,512,48.62385392189026,41.97002053260803,100.0,True,9.806815886551253e-08,41.97002029418945,467,46.3519287109375,466,62.40601348876953,133,66.16541290283203,133
1,crp_sampler_only,balanced_28_per_group,101,0.1,112,512,49.207672476768494,43.25481653213501,100.0,True,9.238008894570798e-08,43.254817962646484,467,47.21030044555664,466,60.15037155151367,133,66.16541290283203,133
1,crp_sampler_only,balanced_28_per_group,102,0.0001,112,512,53.61968159675599,49.548873603343964,100.0,True,7.688629115627376e-08,53.5331916809082,467,53.43347930908203,466,49.624061584472656,133,58.6466178894043,133
1,crp_sampler_only,balanced_28_per_group,102,0.001,112,512,53.21100950241089,47.36842215061188,100.0,True,8.862518147394888e-08,53.319053649902344,467,53.2188835144043,466,47.36842346191406,133,58.6466178894043,133
1,crp_sampler_only,balanced_28_per_group,102,0.01,112,512,53.37781310081482,47.36842215061188,100.0,True,9.124220786273056e-08,54.17559051513672,467,52.575103759765625,466,47.36842346191406,133,59.398494720458984,133
1,crp_sampler_only,balanced_28_per_group,102,0.1,112,512,52.87739634513855,47.36842215061188,100.0,True,9.404745814241278e-08,52.4625244140625,467,53.004295349121094,466,47.36842346191406,133,59.398494720458984,133
1,crp_sampler_only,balanced_28_per_group,103,0.0001,112,512,53.96163463592529,47.36842215061188,100.0,True,8.835820272000476e-08,54.81798553466797,467,51.28755569458008,466,47.36842346191406,133,66.91729736328125,133
1,crp_sampler_only,balanced_28_per_group,103,0.001,112,512,54.128438234329224,48.87218177318573,100.0,True,8.717790886026582e-08,54.60385513305664,467,51.28755569458008,466,48.8721809387207,133,67.66917419433594,133
1,crp_sampler_only,balanced_28_per_group,103,0.01,112,512,53.79483103752136,48.120301961898804,100.0,True,8.792550569168469e-08,54.17559051513672,467,51.28755569458008,466,48.12030029296875,133,66.91729736328125,133
1,crp_sampler_only,balanced_28_per_group,103,0.1,112,512,53.54462265968323,49.624061584472656,100.0,True,8.101721276189758e-08,53.319053649902344,467,52.14592361450195,466,49.624061584472656,133,63.15789031982422,133
1,raw_clip_kl,original_ds_train,0,0.0001,224,512,52.79399752616882,44.3254828453064,100.0,True,8.841527688179413e-08,44.32548141479492,467,59.22746658325195,466,57.142860412597656,133,55.63909912109375,133
1,raw_clip_kl,original_ds_train,0,0.001,224,512,53.127604722976685,45.396146178245544,100.0,True,8.787733441883977e-08,45.39614486694336,467,59.22746658325195,466,57.142860412597656,133,54.8872184753418,133
1,raw_clip_kl,original_ds_train,0,0.01,224,512,52.79399752616882,45.610278844833374,100.0,True,9.955322268222384e-08,45.61027908325195,467,58.36909866333008,466,57.894737243652344,133,53.38345718383789,133
1,raw_clip_kl,original_ds_train,0,0.1,224,512,52.87739634513855,47.75160551071167,95.53571343421936,True,9.213790681718986e-08,47.75160598754883,467,56.22317886352539,466,56.39097595214844,133,55.63909912109375,133
1,raw_clip_kl,balanced_14_per_group,101,0.0001,56,512,50.87572932243347,45.1127827167511,100.0,True,8.887552596562958e-08,53.5331916809082,467,50.0,466,45.1127815246582,133,50.375938415527344,133
1,raw_clip_kl,balanced_14_per_group,101,0.001,56,512,50.62552094459534,45.1127827167511,100.0,True,8.933507140642758e-08,53.10492706298828,467,49.78540802001953,466,45.1127815246582,133,50.375938415527344,133
1,raw_clip_kl,balanced_14_per_group,101,0.01,56,512,51.125937700271606,46.61654233932495,100.0,True,9.835856052851574e-08,53.5331916809082,467,50.0,466,46.61654281616211,133,51.12782287597656,133
1,raw_clip_kl,balanced_14_per_group,101,0.1,56,512,50.291907787323,44.36090290546417,100.0,True,7.413116249284021e-08,53.10492706298828,467,48.068668365478516,466,44.360904693603516,133,54.13534164428711,133
1,raw_clip_kl,balanced_14_per_group,102,0.0001,56,512,52.126771211624146,44.11135017871857,100.0,True,6.112056264677623e-08,44.111351013183594,467,60.51502227783203,466,52.6315803527832,133,50.375938415527344,133
1,raw_clip_kl,balanced_14_per_group,102,0.001,56,512,51.87656283378601,43.68308484554291,100.0,True,9.985782372767382e-08,43.68308639526367,467,60.3004264831543,466,52.6315803527832,133,50.375938415527344,133
1,raw_clip_kl,balanced_14_per_group,102,0.01,56,512,51.87656283378601,44.11135017871857,100.0,True,9.735083951077292e-08,44.111351013183594,467,59.871246337890625,466,53.38345718383789,133,49.624061584472656,133
1,raw_clip_kl,balanced_14_per_group,102,0.1,56,512,51.54294967651367,43.25481653213501,100.0,True,7.7813112979528e-08,43.254817962646484,467,59.44206237792969,466,54.8872184753418,133,49.624061584472656,133
1,raw_clip_kl,balanced_14_per_group,103,0.0001,56,512,53.953294157981865,43.133047223091125,100.0,True,9.44731697173633e-08,62.52676773071289,467,43.13304901123047,466,47.36842346191406,133,68.42105102539062,133
1,raw_clip_kl,balanced_14_per_group,103,0.001,56,512,54.128438234329224,43.347638845443726,100.0,True,9.772623219025229e-08,62.74089813232422,467,43.34763717651367,466,47.36842346191406,133,68.42105102539062,133
1,raw_clip_kl,balanced_14_per_group,103,0.01,56,512,54.29524779319763,43.776825070381165,100.0,True,9.761118117761723e-08,62.74089813232422,467,43.776824951171875,466,46.61654281616211,133,69.17292785644531,133
1,raw_clip_kl,balanced_14_per_group,103,0.1,56,512,54.46205139160156,44.849786162376404,100.0,True,7.469305596512904e-08,62.09850311279297,467,44.84978485107422,466,45.864662170410156,133,69.92481231689453,133
1,raw_clip_kl,balanced_28_per_group,101,0.0001,112,512,51.29274129867554,45.610278844833374,100.0,True,7.972470382684539e-08,45.61027908325195,467,54.29184341430664,466,52.6315803527832,133,59.398494720458984,133
1,raw_clip_kl,balanced_28_per_group,101,0.001,112,512,51.20934247970581,45.610278844833374,100.0,True,9.205401046525759e-08,45.61027908325195,467,54.29184341430664,466,51.87969970703125,133,59.398494720458984,133
1,raw_clip_kl,balanced_28_per_group,101,0.01,112,512,51.70975923538208,47.53747284412384,100.0,True,8.68374090386495e-08,47.537471771240234,467,55.15021514892578,466,48.8721809387207,133,57.142860412597656,133
1,raw_clip_kl,balanced_28_per_group,101,0.1,112,512,53.71142625808716,49.46466684341431,100.0,True,9.239177276021415e-08,49.46466827392578,467,57.296138763427734,466,49.624061584472656,133,60.15037155151367,133
1,raw_clip_kl,balanced_28_per_group,102,0.0001,112,512,55.12927174568176,47.9657381772995,100.0,True,9.375269761407993e-08,47.965736389160156,467,62.44635009765625,466,51.12782287597656,133,58.6466178894043,133
1,raw_clip_kl,balanced_28_per_group,102,0.001,112,512,54.7122597694397,47.75160551071167,100.0,True,8.773846889215039e-08,47.75160598754883,467,62.01716613769531,466,50.375938415527344,133,57.894737243652344,133
1,raw_clip_kl,balanced_28_per_group,102,0.01,112,512,54.54545617103577,47.75160551071167,100.0,True,9.649509756775448e-08,47.75160598754883,467,61.373390197753906,466,51.12782287597656,133,57.894737243652344,133
1,raw_clip_kl,balanced_28_per_group,102,0.1,112,512,52.71059274673462,46.03854417800903,100.0,True,6.370420090918982e-08,46.038543701171875,467,60.3004264831543,466,48.12030029296875,133,54.13534164428711,133
1,raw_clip_kl,balanced_28_per_group,103,0.0001,112,512,58.13177824020386,47.36842215061188,100.0,True,7.658222433448668e-08,59.10063934326172,467,60.51502227783203,466,47.36842346191406,133,57.142860412597656,133
1,raw_clip_kl,balanced_28_per_group,103,0.001,112,512,57.714760303497314,48.120301961898804,100.0,True,9.348095224502755e-08,58.02997970581055,467,60.51502227783203,466,48.12030029296875,133,56.39097595214844,133
1,raw_clip_kl,balanced_28_per_group,103,0.01,112,512,57.29774832725525,48.87218177318573,100.0,True,8.855376695251702e-08,57.1734504699707,467,60.085838317871094,466,48.8721809387207,133,56.39097595214844,133
1,raw_clip_kl,balanced_28_per_group,103,0.1,112,512,56.96413516998291,49.624061584472656,100.0,True,8.717412607723261e-08,57.387577056884766,467,58.36909866333008,466,49.624061584472656,133,57.894737243652344,133
1,splice_crp_kl,original_ds_train,0,0.0001,224,512,50.959134101867676,46.25267684459686,100.0,True,9.944035479880872e-08,46.25267791748047,467,47.85407638549805,466,57.894737243652344,133,71.42857360839844,133
1,splice_crp_kl,original_ds_train,0,0.001,224,512,51.37614607810974,46.89507484436035,100.0,True,9.72935542129297e-08,46.89507293701172,467,48.068668365478516,466,57.894737243652344,133,72.18045043945312,133
1,splice_crp_kl,original_ds_train,0,0.01,224,512,51.125937700271606,46.25267684459686,100.0,True,9.507855126648923e-08,46.25267791748047,467,48.927040100097656,466,55.63909912109375,133,71.42857360839844,133
1,splice_crp_kl,original_ds_train,0,0.1,224,512,52.04337239265442,47.32334017753601,96.42857313156128,True,9.264703722342699e-08,47.323341369628906,467,50.643775939941406,466,54.8872184753418,133,70.67668914794922,133
1,splice_crp_kl,balanced_14_per_group,101,0.0001,56,512,49.54128563404083,35.62231659889221,100.0,True,8.725153680332134e-08,58.02997970581055,467,35.622318267822266,466,45.864662170410156,133,72.18045043945312,133
1,splice_crp_kl,balanced_14_per_group,101,0.001,56,512,49.54128563404083,34.97854173183441,100.0,True,9.717688106512242e-08,58.244110107421875,467,34.97854232788086,466,46.61654281616211,133,72.93233489990234,133
1,splice_crp_kl,balanced_14_per_group,101,0.01,56,512,49.207672476768494,34.33476388454437,100.0,True,4.246745317600456e-08,57.601715087890625,467,34.33476257324219,466,45.864662170410156,133,75.18797302246094,133
1,splice_crp_kl,balanced_14_per_group,101,0.1,56,512,49.04086887836456,33.90558063983917,100.0,True,3.676716594646235e-08,56.959312438964844,467,33.905582427978516,466,46.61654281616211,133,76.69172668457031,133
1,splice_crp_kl,balanced_14_per_group,102,0.0001,56,512,48.707255721092224,44.3254828453064,100.0,True,8.620282079039247e-08,44.32548141479492,467,49.141632080078125,466,53.38345718383789,133,57.894737243652344,133
1,splice_crp_kl,balanced_14_per_group,102,0.001,56,512,48.874062299728394,44.753748178482056,100.0,True,9.032865868550651e-08,44.75374984741211,467,48.71244812011719,466,54.13534164428711,133,58.6466178894043,133
1,splice_crp_kl,balanced_14_per_group,102,0.01,56,512,49.207672476768494,44.3254828453064,100.0,True,9.334541397774867e-08,44.32548141479492,467,49.57081604003906,466,54.13534164428711,133,60.15037155151367,133
1,splice_crp_kl,balanced_14_per_group,102,0.1,56,512,48.040032386779785,41.7558878660202,100.0,True,9.739692116402313e-08,41.75588607788086,467,48.927040100097656,466,54.8872184753418,133,60.15037155151367,133
1,splice_crp_kl,balanced_14_per_group,103,0.0001,56,512,51.87656283378601,37.98283338546753,100.0,True,9.306330772864145e-08,62.95503234863281,467,37.98283386230469,466,42.85714340209961,133,70.67668914794922,133
1,splice_crp_kl,balanced_14_per_group,103,0.001,56,512,51.87656283378601,38.19742500782013,100.0,True,9.243857584121046e-08,62.52676773071289,467,38.197425842285156,466,42.85714340209961,133,71.42857360839844,133
1,splice_crp_kl,balanced_14_per_group,103,0.01,56,512,51.87656283378601,38.41201663017273,100.0,True,9.775752141626386e-08,62.74089813232422,467,38.412017822265625,466,42.105262756347656,133,70.67668914794922,133
1,splice_crp_kl,balanced_14_per_group,103,0.1,56,512,52.04337239265442,38.62660825252533,100.0,True,9.790261988758785e-08,62.95503234863281,467,38.626609802246094,466,42.105262756347656,133,70.67668914794922,133
1,splice_crp_kl,balanced_28_per_group,101,0.0001,112,512,48.79065752029419,41.32762253284454,100.0,True,8.44955857914881e-08,41.32762145996094,467,46.7811164855957,466,61.65413284301758,133,69.17292785644531,133
1,splice_crp_kl,balanced_28_per_group,101,0.001,112,512,48.874062299728394,41.7558878660202,100.0,True,7.949956154712848e-08,41.75588607788086,467,46.56652069091797,466,60.15037155151367,133,70.67668914794922,133
1,splice_crp_kl,balanced_28_per_group,101,0.01,112,512,49.54128563404083,42.82655119895935,100.0,True,7.858222943462213e-08,42.8265495300293,467,47.42489242553711,466,58.6466178894043,133,71.42857360839844,133
1,splice_crp_kl,balanced_28_per_group,101,0.1,112,512,50.458717346191406,45.396146178245544,100.0,True,8.921738824194808e-08,45.39614486694336,467,46.99570846557617,466,59.398494720458984,133,71.42857360839844,133
1,splice_crp_kl,balanced_28_per_group,102,0.0001,112,512,53.61968159675599,48.120301961898804,100.0,True,9.823788221677792e-08,51.17772674560547,467,55.15021514892578,466,48.12030029296875,133,62.40601348876953,133
1,splice_crp_kl,balanced_28_per_group,102,0.001,112,512,53.127604722976685,48.120301961898804,100.0,True,9.454085615436718e-08,50.321197509765625,467,54.506439208984375,466,48.12030029296875,133,63.15789031982422,133
1,splice_crp_kl,balanced_28_per_group,102,0.01,112,512,52.460384368896484,47.36842215061188,100.0,True,9.120568374067911e-08,49.67879867553711,467,53.43347930908203,466,47.36842346191406,133,63.90977478027344,133
1,splice_crp_kl,balanced_28_per_group,102,0.1,112,512,51.87656283378601,48.120301961898804,100.0,True,8.545665595126317e-08,49.8929328918457,467,52.14592361450195,466,48.12030029296875,133,61.65413284301758,133
1,splice_crp_kl,balanced_28_per_group,103,0.0001,112,512,56.63052797317505,48.120301961898804,100.0,True,4.633523964245873e-08,59.10063934326172,467,53.8626594543457,466,48.12030029296875,133,66.16541290283203,133
1,splice_crp_kl,balanced_28_per_group,103,0.001,112,512,56.63052797317505,48.120301961898804,100.0,True,7.355196203792891e-08,59.10063934326172,467,54.07725524902344,466,48.12030029296875,133,65.41353607177734,133
1,splice_crp_kl,balanced_28_per_group,103,0.01,112,512,56.547123193740845,49.624061584472656,100.0,True,9.69246317944635e-08,58.02997970581055,467,54.506439208984375,466,49.624061584472656,133,65.41353607177734,133
1,splice_crp_kl,balanced_28_per_group,103,0.1,112,512,56.046706438064575,51.879698038101196,100.0,True,9.411271958070181e-08,56.745182037353516,467,54.29184341430664,466,51.87969970703125,133,63.90977478027344,133
2,simclr,original_ds_train,0,0.0001,224,512,52.04337239265442,44.11135017871857,100.0,True,9.212444898651481e-08,44.111351013183594,467,58.15450668334961,466,52.6315803527832,133,57.894737243652344,133
2,simclr,original_ds_train,0,0.001,224,512,51.959967613220215,43.68308484554291,100.0,True,8.095612380560279e-08,43.68308639526367,467,58.36909866333008,466,52.6315803527832,133,57.894737243652344,133
2,simclr,original_ds_train,0,0.01,224,512,51.959967613220215,43.04068386554718,100.0,True,9.242532688800639e-08,43.04068374633789,467,59.22746658325195,466,52.6315803527832,133,57.142860412597656,133
2,simclr,original_ds_train,0,0.1,224,512,53.29441428184509,44.539615511894226,98.21428656578064,True,9.024833828863432e-08,44.539615631103516,467,59.871246337890625,466,56.39097595214844,133,57.894737243652344,133
2,simclr,balanced_14_per_group,101,0.0001,56,512,53.37781310081482,40.98712503910065,100.0,True,8.558981651745495e-08,65.95288848876953,467,40.987125396728516,466,46.61654281616211,133,59.398494720458984,133
2,simclr,balanced_14_per_group,101,0.001,56,512,52.87739634513855,40.77253341674805,100.0,True,9.285375068937188e-08,65.73875427246094,467,40.77253341674805,466,44.360904693603516,133,58.6466178894043,133
2,simclr,balanced_14_per_group,101,0.01,56,512,52.79399752616882,41.20171666145325,100.0,True,9.69921217878751e-08,65.73875427246094,467,41.201717376708984,466,42.85714340209961,133,57.894737243652344,133
2,simclr,balanced_14_per_group,101,0.1,56,512,52.627187967300415,40.60150384902954,100.0,True,5.1235539864132734e-08,65.73875427246094,467,40.987125396728516,466,40.601505279541016,133,59.398494720458984,133
2,simclr,balanced_14_per_group,102,0.0001,56,512,53.96163463592529,43.609023094177246,100.0,True,6.961669818758344e-08,51.17772674560547,467,60.729610443115234,466,50.375938415527344,133,43.60902404785156,133
2,simclr,balanced_14_per_group,102,0.001,56,512,53.71142625808716,43.609023094177246,100.0,True,7.336679530672413e-08,50.963600158691406,467,60.3004264831543,466,50.375938415527344,133,43.60902404785156,133
2,simclr,balanced_14_per_group,102,0.01,56,512,53.04420590400696,42.105263471603394,100.0,True,4.588445063041357e-08,50.1070671081543,467,60.085838317871094,466,49.624061584472656,133,42.105262756347656,133
2,simclr,balanced_14_per_group,102,0.1,56,512,52.460384368896484,41.35338366031647,100.0,True,8.332996379771876e-08,47.965736389160156,467,59.65665054321289,466,54.13534164428711,133,41.3533821105957,133
2,simclr,balanced_14_per_group,103,0.0001,56,512,51.29274129867554,33.04721117019653,100.0,True,7.208612722010478e-08,64.66809844970703,467,33.047210693359375,466,39.09774398803711,133,80.45112609863281,133
2,simclr,balanced_14_per_group,103,0.001,56,512,50.87572932243347,33.04721117019653,100.0,True,4.01780927104529e-08,64.02569580078125,467,33.047210693359375,466,37.59398651123047,133,80.45112609863281,133
2,simclr,balanced_14_per_group,103,0.01,56,512,51.0425329208374,33.47639441490173,100.0,True,8.009636645480675e-08,64.02569580078125,467,33.47639465332031,466,37.59398651123047,133,80.45112609863281,133
2,simclr,balanced_14_per_group,103,0.1,56,512,51.626354455947876,34.76394712924957,100.0,True,9.860036656855059e-08,64.66809844970703,467,34.763946533203125,466,36.842105865478516,133,79.69924926757812,133
2,simclr,balanced_28_per_group,101,0.0001,112,512,58.29858183860779,38.34586441516876,100.0,True,9.061155704414897e-08,64.66809844970703,467,59.01287841796875,466,38.345863342285156,133,53.38345718383789,133
2,simclr,balanced_28_per_group,101,0.001,112,512,58.63219499588013,38.34586441516876,100.0,True,9.629015649259678e-08,64.8822250366211,467,59.44206237792969,466,38.345863342285156,133,54.13534164428711,133
2,simclr,balanced_28_per_group,101,0.01,112,512,58.88240337371826,39.09774422645569,100.0,True,9.898754781394875e-08,64.4539566040039,467,60.085838317871094,466,39.09774398803711,133,54.8872184753418,133
2,simclr,balanced_28_per_group,101,0.1,112,512,57.96496868133545,37.593984603881836,100.0,True,9.832444120873307e-08,62.95503234863281,467,59.871246337890625,466,37.59398651123047,133,54.13534164428711,133
2,simclr,balanced_28_per_group,102,0.0001,112,512,50.20850896835327,39.828693866729736,100.0,True,9.143423011530105e-08,39.82869338989258,467,59.01287841796875,466,55.63909912109375,133,50.375938415527344,133
2,simclr,balanced_28_per_group,102,0.001,112,512,50.458717346191406,40.471091866493225,100.0,True,9.311379161193022e-08,40.471092224121094,467,59.01287841796875,466,54.8872184753418,133,51.12782287597656,133
2,simclr,balanced_28_per_group,102,0.01,112,512,50.70892572402954,40.471091866493225,100.0,True,9.831895894109842e-08,40.471092224121094,467,58.36909866333008,466,56.39097595214844,133,54.13534164428711,133
2,simclr,balanced_28_per_group,102,0.1,112,512,49.37447905540466,37.68736720085144,100.0,True,7.509170653601654e-08,37.6873664855957,467,56.65236282348633,466,58.6466178894043,133,55.63909912109375,133
2,simclr,balanced_28_per_group,103,0.0001,112,512,56.455378532409675,42.85714328289032,100.0,True,9.927167918936726e-08,66.8094253540039,467,49.57081604003906,466,42.85714340209961,133,57.894737243652344,133
2,simclr,balanced_28_per_group,103,0.001,112,512,55.713093280792236,42.105263471603394,100.0,True,9.660948527091804e-08,66.38115692138672,467,48.283260345458984,466,42.105262756347656,133,57.894737243652344,133
2,simclr,balanced_28_per_group,103,0.01,112,512,55.713093280792236,43.609023094177246,100.0,True,8.193683507270837e-08,66.59528350830078,467,47.42489242553711,466,43.60902404785156,133,58.6466178894043,133
2,simclr,balanced_28_per_group,103,0.1,112,512,54.7122597694397,42.85714328289032,100.0,True,9.802164115634004e-08,64.4539566040039,467,46.99570846557617,466,42.85714340209961,133,59.398494720458984,133
2,crp_sampler_only,original_ds_train,0,0.0001,224,512,51.87656283378601,48.49785268306732,100.0,True,8.265691760473532e-08,49.67879867553711,467,48.49785232543945,466,55.63909912109375,133,67.66917419433594,133
2,crp_sampler_only,original_ds_train,0,0.001,224,512,52.21017599105835,48.28326106071472,100.0,True,8.965360357154449e-08,50.321197509765625,467,48.283260345458984,466,57.142860412597656,133,67.66917419433594,133
2,crp_sampler_only,original_ds_train,0,0.01,224,512,52.460384368896484,48.71244728565216,100.0,True,9.544498099072624e-08,51.39186477661133,467,48.71244812011719,466,54.8872184753418,133,66.91729736328125,133
2,crp_sampler_only,original_ds_train,0,0.1,224,512,53.96163463592529,50.8583664894104,96.875,True,9.309130863475318e-08,53.5331916809082,467,50.858367919921875,466,56.39097595214844,133,63.90977478027344,133
2,crp_sampler_only,balanced_14_per_group,101,0.0001,56,512,51.54294967651367,35.40772497653961,100.0,True,9.038648863408751e-08,65.09635925292969,467,35.4077262878418,466,44.360904693603516,133,67.66917419433594,133
2,crp_sampler_only,balanced_14_per_group,101,0.001,56,512,51.0425329208374,34.76394712924957,100.0,True,9.118876235518947e-08,64.66809844970703,467,34.763946533203125,466,43.60902404785156,133,67.66917419433594,133
2,crp_sampler_only,balanced_14_per_group,101,0.01,56,512,50.62552094459534,34.33476388454437,100.0,True,9.968403412647427e-08,64.23983001708984,467,34.33476257324219,466,42.105262756347656,133,68.42105102539062,133
2,crp_sampler_only,balanced_14_per_group,101,0.1,56,512,51.0425329208374,35.62231659889221,100.0,True,9.363004100162997e-08,64.02569580078125,467,35.622318267822266,466,42.105262756347656,133,68.42105102539062,133
2,crp_sampler_only,balanced_14_per_group,102,0.0001,56,512,53.96163463592529,42.18415319919586,100.0,True,9.576053425094895e-08,42.18415451049805,467,67.38197326660156,466,56.39097595214844,133,45.864662170410156,133
2,crp_sampler_only,balanced_14_per_group,102,0.001,56,512,53.79483103752136,41.7558878660202,100.0,True,7.688778493693173e-08,41.75588607788086,467,66.73819732666016,466,57.142860412597656,133,47.36842346191406,133
2,crp_sampler_only,balanced_14_per_group,102,0.01,56,512,53.71142625808716,41.97002053260803,100.0,True,8.143235096658022e-08,41.97002029418945,467,66.09442138671875,466,57.894737243652344,133,47.36842346191406,133
2,crp_sampler_only,balanced_14_per_group,102,0.1,56,512,53.04420590400696,41.113489866256714,100.0,True,2.9484742842351627e-08,41.11349105834961,467,65.66522979736328,466,55.63909912109375,133,48.12030029296875,133
2,crp_sampler_only,balanced_14_per_group,103,0.0001,56,512,53.46121788024902,41.20171666145325,100.0,True,8.96468218174379e-08,62.74089813232422,467,41.201717376708984,466,44.360904693603516,133,72.93233489990234,133
2,crp_sampler_only,balanced_14_per_group,103,0.001,56,512,53.71142625808716,40.77253341674805,100.0,True,7.708557408538097e-08,63.38330078125,467,40.77253341674805,466,45.1127815246582,133,73.68421173095703,133
2,crp_sampler_only,balanced_14_per_group,103,0.01,56,512,53.71142625808716,41.20171666145325,100.0,True,7.822635150896932e-08,62.95503234863281,467,41.201717376708984,466,44.360904693603516,133,74.43609619140625,133
2,crp_sampler_only,balanced_14_per_group,103,0.1,56,512,54.128438234329224,42.274677753448486,100.0,True,7.134978051003688e-08,63.16916275024414,467,42.27467727661133,466,43.60902404785156,133,74.43609619140625,133
2,crp_sampler_only,balanced_28_per_group,101,0.0001,112,512,53.04420590400696,45.064377784729004,100.0,True,9.687993953453544e-08,60.599571228027344,467,45.06437683105469,466,50.375938415527344,133,57.142860412597656,133
2,crp_sampler_only,balanced_28_per_group,101,0.001,112,512,53.37781310081482,45.70815563201904,100.0,True,9.465175003521011e-08,60.385440826416016,467,45.70815658569336,466,50.375938415527344,133,58.6466178894043,133
2,crp_sampler_only,balanced_28_per_group,101,0.01,112,512,53.54462265968323,46.35193049907684,100.0,True,8.559606007037084e-08,59.7430419921875,467,46.3519287109375,466,50.375938415527344,133,60.15037155151367,133
2,crp_sampler_only,balanced_28_per_group,101,0.1,112,512,54.128438234329224,47.42489159107208,100.0,True,9.795671634602043e-08,60.385440826416016,467,47.42489242553711,466,48.8721809387207,133,60.90225601196289,133
2,crp_sampler_only,balanced_28_per_group,102,0.0001,112,512,56.547123193740845,49.03640151023865,100.0,True,9.089262886219758e-08,49.036399841308594,467,63.519309997558594,466,59.398494720458984,133,55.63909912109375,133
2,crp_sampler_only,balanced_28_per_group,102,0.001,112,512,56.13011121749878,48.60813617706299,100.0,True,9.363290913769716e-08,48.60813522338867,467,62.660945892333984,466,59.398494720458984,133,56.39097595214844,133
2,crp_sampler_only,balanced_28_per_group,102,0.01,112,512,55.546289682388306,47.9657381772995,100.0,True,9.64825708654228e-08,47.965736389160156,467,62.23176193237305,466,56.39097595214844,133,57.894737243652344,133
2,crp_sampler_only,balanced_28_per_group,102,0.1,112,512,55.3794801235199,47.9657381772995,100.0,True,6.167196796909996e-08,47.965736389160156,467,60.94420623779297,466,56.39097595214844,133,60.90225601196289,133
2,crp_sampler_only,balanced_28_per_group,103,0.0001,112,512,54.21184301376343,47.42489159107208,100.0,True,6.348677567919876e-08,58.45824432373047,467,47.42489242553711,466,55.63909912109375,133,61.65413284301758,133
2,crp_sampler_only,balanced_28_per_group,103,0.001,112,512,54.54545617103577,48.06866943836212,100.0,True,9.743936478212839e-08,58.45824432373047,467,48.068668365478516,466,55.63909912109375,133,62.40601348876953,133
2,crp_sampler_only,balanced_28_per_group,103,0.01,112,512,54.62885499000549,48.92703890800476,100.0,True,8.941452066160271e-08,57.81584548950195,467,48.927040100097656,466,55.63909912109375,133,62.40601348876953,133
2,crp_sampler_only,balanced_28_per_group,103,0.1,112,512,54.54545617103577,48.71244728565216,100.0,True,8.67395016802136e-08,58.02997970581055,467,48.71244812011719,466,54.8872184753418,133,62.40601348876953,133
2,raw_clip_kl,original_ds_train,0,0.0001,224,512,51.79315805435181,48.39400351047516,100.0,True,5.718651127141651e-08,48.394004821777344,467,49.356224060058594,466,54.8872184753418,133,69.17292785644531,133
2,raw_clip_kl,original_ds_train,0,0.001,224,512,51.79315805435181,48.17987084388733,100.0,True,9.557710020885284e-08,48.17987060546875,467,49.356224060058594,466,55.63909912109375,133,69.17292785644531,133
2,raw_clip_kl,original_ds_train,0,0.01,224,512,50.959134101867676,47.32334017753601,100.0,True,9.258390055305599e-08,47.323341369628906,467,48.927040100097656,466,54.13534164428711,133,67.66917419433594,133
2,raw_clip_kl,original_ds_train,0,0.1,224,512,49.6246874332428,43.25481653213501,95.53571343421936,True,8.887573830606687e-08,43.254817962646484,467,50.42918395996094,466,54.8872184753418,133,63.90977478027344,133
2,raw_clip_kl,balanced_14_per_group,101,0.0001,56,512,48.540449142456055,37.12446391582489,100.0,True,9.963250249636916e-08,49.8929328918457,467,37.12446212768555,466,66.91729736328125,133,65.41353607177734,133
2,raw_clip_kl,balanced_14_per_group,101,0.001,56,512,48.540449142456055,36.90987229347229,100.0,True,8.656401184918626e-08,49.8929328918457,467,36.909873962402344,466,67.66917419433594,133,65.41353607177734,133
2,raw_clip_kl,balanced_14_per_group,101,0.01,56,512,48.29024076461792,36.90987229347229,100.0,True,9.444810458378305e-08,49.46466827392578,467,36.909873962402344,466,68.42105102539062,133,63.90977478027344,133
2,raw_clip_kl,balanced_14_per_group,101,0.1,56,512,48.373645544052124,36.90987229347229,100.0,True,8.520810186336131e-08,49.8929328918457,467,36.909873962402344,466,66.16541290283203,133,65.41353607177734,133
2,raw_clip_kl,balanced_14_per_group,102,0.0001,56,512,54.128438234329224,42.85714328289032,100.0,True,8.020372578616352e-08,47.965736389160156,467,65.23605346679688,466,48.12030029296875,133,42.85714340209961,133
2,raw_clip_kl,balanced_14_per_group,102,0.001,56,512,53.628021478652954,42.85714328289032,100.0,True,2.5837902974476133e-08,47.10920715332031,467,64.80686950683594,466,48.12030029296875,133,42.85714340209961,133
2,raw_clip_kl,balanced_14_per_group,102,0.01,56,512,53.29441428184509,41.35338366031647,100.0,True,8.554388171845388e-08,46.25267791748047,467,64.80686950683594,466,49.624061584472656,133,41.3533821105957,133
2,raw_clip_kl,balanced_14_per_group,102,0.1,56,512,53.21100950241089,42.105263471603394,100.0,True,9.46978391787659e-08,46.4668083190918,467,64.1630859375,466,49.624061584472656,133,42.105262756347656,133
2,raw_clip_kl,balanced_14_per_group,103,0.0001,56,512,53.37781310081482,34.33476388454437,100.0,True,5.888119140927154e-08,70.44967651367188,467,34.33476257324219,466,38.345863342285156,133,75.18797302246094,133
2,raw_clip_kl,balanced_14_per_group,103,0.001,56,512,53.127604722976685,33.90558063983917,100.0,True,9.182431733387045e-08,70.44967651367188,467,33.905582427978516,466,38.345863342285156,133,74.43609619140625,133
2,raw_clip_kl,balanced_14_per_group,103,0.01,56,512,53.46121788024902,34.33476388454437,100.0,True,9.910675933237243e-08,70.44967651367188,467,34.33476257324219,466,38.345863342285156,133,75.93984985351562,133
2,raw_clip_kl,balanced_14_per_group,103,0.1,56,512,52.960801124572754,33.47639441490173,100.0,True,8.790020489431172e-08,69.59314727783203,467,33.47639465332031,466,39.09774398803711,133,76.69172668457031,133
2,raw_clip_kl,balanced_28_per_group,101,0.0001,112,512,53.04420590400696,49.7854083776474,100.0,True,7.36727784274238e-08,52.4625244140625,467,49.78540802001953,466,53.38345718383789,133,66.16541290283203,133
2,raw_clip_kl,balanced_28_per_group,101,0.001,112,512,52.71059274673462,49.5708167552948,100.0,True,9.853734390309512e-08,51.82012939453125,467,49.57081604003906,466,54.13534164428711,133,65.41353607177734,133
2,raw_clip_kl,balanced_28_per_group,101,0.01,112,512,52.21017599105835,50.21459460258484,100.0,True,7.128873522499902e-08,51.17772674560547,467,50.214595794677734,466,54.13534164428711,133,60.90225601196289,133
2,raw_clip_kl,balanced_28_per_group,101,0.1,112,512,52.79399752616882,50.53533315658569,100.0,True,7.294515071577107e-08,50.53533172607422,467,51.50214385986328,466,56.39097595214844,133,61.65413284301758,133
2,raw_clip_kl,balanced_28_per_group,102,0.0001,112,512,49.70808923244476,41.7558878660202,100.0,True,8.877347388511864e-08,41.75588607788086,467,51.93132781982422,466,57.894737243652344,133,61.65413284301758,133
2,raw_clip_kl,balanced_28_per_group,102,0.001,112,512,49.54128563404083,41.32762253284454,100.0,True,9.530349201560841e-08,41.32762145996094,467,52.78969955444336,466,56.39097595214844,133,60.15037155151367,133
2,raw_clip_kl,balanced_28_per_group,102,0.01,112,512,49.37447905540466,40.471091866493225,100.0,True,9.122101815020253e-08,40.471092224121094,467,52.575103759765625,466,58.6466178894043,133,60.15037155151367,133
2,raw_clip_kl,balanced_28_per_group,102,0.1,112,512,49.207672476768494,41.113489866256714,99.10714030265808,True,9.346729827342117e-08,41.11349105834961,467,52.14592361450195,466,58.6466178894043,133,57.894737243652344,133
2,raw_clip_kl,balanced_28_per_group,103,0.0001,112,512,52.293580770492554,46.35193049907684,100.0,True,9.934365590474947e-08,54.81798553466797,467,46.3519287109375,466,52.6315803527832,133,63.90977478027344,133
2,raw_clip_kl,balanced_28_per_group,103,0.001,112,512,52.54378914833069,46.78111672401428,100.0,True,9.583964276898692e-08,54.81798553466797,467,46.7811164855957,466,52.6315803527832,133,64.66165161132812,133
2,raw_clip_kl,balanced_28_per_group,103,0.01,112,512,52.54378914833069,46.35193049907684,100.0,True,5.154187926671144e-08,55.03212356567383,467,46.3519287109375,466,54.8872184753418,133,63.15789031982422,133
2,raw_clip_kl,balanced_28_per_group,103,0.1,112,512,52.21017599105835,46.35193049907684,100.0,True,7.043826989543665e-08,54.38972091674805,467,46.3519287109375,466,54.8872184753418,133,62.40601348876953,133
2,splice_crp_kl,original_ds_train,0,0.0001,224,512,52.21017599105835,49.25053417682648,100.0,True,9.729981343148956e-08,49.25053405761719,467,50.858367919921875,466,60.15037155151367,133,59.398494720458984,133
2,splice_crp_kl,original_ds_train,0,0.001,224,512,51.959967613220215,49.25053417682648,100.0,True,9.018924257619347e-08,49.25053405761719,467,50.858367919921875,466,58.6466178894043,133,58.6466178894043,133
2,splice_crp_kl,original_ds_train,0,0.01,224,512,52.126771211624146,48.39400351047516,100.0,True,9.381493924976369e-08,48.394004821777344,467,51.716739654541016,466,58.6466178894043,133,60.15037155151367,133
2,splice_crp_kl,original_ds_train,0,0.1,224,512,52.04337239265442,47.9657381772995,97.76785969734192,True,7.489501042175911e-08,47.965736389160156,467,52.14592361450195,466,56.39097595214844,133,61.65413284301758,133
2,splice_crp_kl,balanced_14_per_group,101,0.0001,56,512,53.21100950241089,37.98283338546753,100.0,True,9.217525635301259e-08,70.02141571044922,467,37.98283386230469,466,39.09774398803711,133,61.65413284301758,133
2,splice_crp_kl,balanced_14_per_group,101,0.001,56,512,53.37781310081482,37.98283338546753,100.0,True,9.768176407991952e-08,70.23554229736328,467,37.98283386230469,466,39.84962463378906,133,61.65413284301758,133
2,splice_crp_kl,balanced_14_per_group,101,0.01,56,512,53.127604722976685,36.90987229347229,100.0,True,6.474216294853358e-08,70.66381072998047,467,36.909873962402344,466,39.84962463378906,133,61.65413284301758,133
2,splice_crp_kl,balanced_14_per_group,101,0.1,56,512,52.79399752616882,36.69527769088745,100.0,True,9.71731391203462e-08,69.80728149414062,467,36.69527816772461,466,39.09774398803711,133,63.15789031982422,133
2,splice_crp_kl,balanced_14_per_group,102,0.0001,56,512,54.0450394153595,46.89507484436035,100.0,True,9.046786475651702e-08,46.89507293701172,467,63.30472183227539,466,52.6315803527832,133,48.12030029296875,133
2,splice_crp_kl,balanced_14_per_group,102,0.001,56,512,54.128438234329224,46.68094217777252,100.0,True,8.804655515202319e-08,46.68094253540039,467,63.090126037597656,466,53.38345718383789,133,49.624061584472656,133
2,splice_crp_kl,balanced_14_per_group,102,0.01,56,512,53.46121788024902,45.396146178245544,100.0,True,8.571147918585227e-08,45.39614486694336,467,62.660945892333984,466,53.38345718383789,133,49.624061584472656,133
2,splice_crp_kl,balanced_14_per_group,102,0.1,56,512,52.627187967300415,44.3254828453064,100.0,True,8.637873843975186e-08,44.32548141479492,467,61.587982177734375,466,53.38345718383789,133,49.624061584472656,133
2,splice_crp_kl,balanced_14_per_group,103,0.0001,56,512,50.291907787323,34.33476388454437,100.0,True,7.38673085400034e-08,59.7430419921875,467,34.33476257324219,466,43.60902404785156,133,79.69924926757812,133
2,splice_crp_kl,balanced_14_per_group,103,0.001,56,512,50.70892572402954,35.40772497653961,100.0,True,9.362617153289935e-08,59.7430419921875,467,35.4077262878418,466,43.60902404785156,133,79.69924926757812,133
2,splice_crp_kl,balanced_14_per_group,103,0.01,56,512,50.959134101867676,35.40772497653961,100.0,True,4.800712643821675e-08,60.385440826416016,467,35.4077262878418,466,43.60902404785156,133,79.69924926757812,133
2,splice_crp_kl,balanced_14_per_group,103,0.1,56,512,51.0425329208374,36.48068606853485,100.0,True,5.4714978308962464e-08,60.599571228027344,467,36.48068618774414,466,42.105262756347656,133,77.44361114501953,133
2,splice_crp_kl,balanced_28_per_group,101,0.0001,112,512,54.128438234329224,48.49785268306732,100.0,True,9.06072261319332e-08,58.6723747253418,467,48.49785232543945,466,48.8721809387207,133,63.15789031982422,133
2,splice_crp_kl,balanced_28_per_group,101,0.001,112,512,54.128438234329224,48.49785268306732,100.0,True,8.729964582964789e-08,58.88650894165039,467,48.49785232543945,466,48.8721809387207,133,62.40601348876953,133
2,splice_crp_kl,balanced_28_per_group,101,0.01,112,512,53.87822985649109,48.87218177318573,100.0,True,9.755167408760645e-08,58.02997970581055,467,48.927040100097656,466,48.8721809387207,133,61.65413284301758,133
2,splice_crp_kl,balanced_28_per_group,101,0.1,112,512,54.62885499000549,49.35622215270996,100.0,True,4.04496707587243e-08,59.31477355957031,467,49.356224060058594,466,49.624061584472656,133,61.65413284301758,133
2,splice_crp_kl,balanced_28_per_group,102,0.0001,112,512,51.70975923538208,44.11135017871857,100.0,True,8.66153596165058e-08,44.111351013183594,467,55.36480712890625,466,58.6466178894043,133,58.6466178894043,133
2,splice_crp_kl,balanced_28_per_group,102,0.001,112,512,51.626354455947876,43.46895217895508,100.0,True,8.602680469344632e-08,43.46895217895508,467,55.57939910888672,466,58.6466178894043,133,59.398494720458984,133
2,splice_crp_kl,balanced_28_per_group,102,0.01,112,512,51.626354455947876,43.89721751213074,100.0,True,9.23052452448097e-08,43.897216796875,467,55.15021514892578,466,58.6466178894043,133,59.398494720458984,133
2,splice_crp_kl,balanced_28_per_group,102,0.1,112,512,51.0425329208374,43.25481653213501,100.0,True,9.186440047201372e-08,43.254817962646484,467,53.2188835144043,466,60.90225601196289,133,60.90225601196289,133
2,splice_crp_kl,balanced_28_per_group,103,0.0001,112,512,54.128438234329224,45.278969407081604,100.0,True,8.897873803328e-08,59.10063934326172,467,45.278968811035156,466,55.63909912109375,133,66.16541290283203,133
2,splice_crp_kl,balanced_28_per_group,103,0.001,112,512,54.286907315254204,45.493561029434204,100.0,True,6.272303976441386e-08,59.31477355957031,467,45.493560791015625,466,55.63909912109375,133,66.16541290283203,133
2,splice_crp_kl,balanced_28_per_group,103,0.01,112,512,53.96163463592529,45.278969407081604,100.0,True,7.995008084737965e-08,58.6723747253418,467,45.278968811035156,466,55.63909912109375,133,66.16541290283203,133
2,splice_crp_kl,balanced_28_per_group,103,0.1,112,512,53.04420590400696,44.849786162376404,100.0,True,9.878705399622018e-08,57.81584548950195,467,44.84978485107422,466,54.13534164428711,133,63.90977478027344,133
1,raw_clip_sampler_only,original_ds_train,0,0.0001,224,512,54.29524779319763,47.10920751094818,100.0,True,7.962005947600379e-08,47.10920715332031,467,59.44206237792969,466,57.894737243652344,133,57.894737243652344,133
1,raw_clip_sampler_only,original_ds_train,0,0.001,224,512,54.0450394153595,46.25267684459686,100.0,True,9.845962011412884e-08,46.25267791748047,467,59.44206237792969,466,57.142860412597656,133,59.398494720458984,133
1,raw_clip_sampler_only,original_ds_train,0,0.01,224,512,53.71142625808716,46.68094217777252,100.0,True,9.409511063243961e-08,46.68094253540039,467,59.22746658325195,466,54.8872184753418,133,57.894737243652344,133
1,raw_clip_sampler_only,original_ds_train,0,0.1,224,512,53.87822985649109,47.10920751094818,96.42857313156128,True,8.521269151580413e-08,47.10920715332031,467,58.58368682861328,466,54.8872184753418,133,60.15037155151367,133
1,raw_clip_sampler_only,balanced_14_per_group,101,0.0001,56,512,52.293580770492554,45.1127827167511,100.0,True,7.46897828725912e-08,56.745182037353516,467,49.141632080078125,466,45.1127815246582,133,54.8872184753418,133
1,raw_clip_sampler_only,balanced_14_per_group,101,0.001,56,512,52.627187967300415,45.1127827167511,100.0,True,9.767889650930442e-08,57.387577056884766,467,49.356224060058594,466,45.1127815246582,133,54.8872184753418,133
1,raw_clip_sampler_only,balanced_14_per_group,101,0.01,56,512,52.293580770492554,45.1127827167511,100.0,True,6.633292785819707e-08,56.102783203125,467,49.141632080078125,466,45.1127815246582,133,57.142860412597656,133
1,raw_clip_sampler_only,balanced_14_per_group,101,0.1,56,512,52.126771211624146,47.42489159107208,100.0,True,9.655238446173303e-08,55.24625015258789,467,47.42489242553711,466,48.8721809387207,133,60.90225601196289,133
1,raw_clip_sampler_only,balanced_14_per_group,102,0.0001,56,512,53.452877402305596,45.824411511421204,100.0,True,7.803621074695621e-08,45.82441329956055,467,64.1630859375,466,48.8721809387207,133,47.36842346191406,133
1,raw_clip_sampler_only,balanced_14_per_group,102,0.001,56,512,53.04420590400696,45.396146178245544,100.0,True,9.407541114946863e-08,45.39614486694336,467,63.30472183227539,466,49.624061584472656,133,47.36842346191406,133
1,raw_clip_sampler_only,balanced_14_per_group,102,0.01,56,512,53.29441428184509,45.824411511421204,100.0,True,9.264744438893923e-08,45.82441329956055,467,63.090126037597656,466,50.375938415527344,133,48.12030029296875,133
1,raw_clip_sampler_only,balanced_14_per_group,102,0.1,56,512,52.71059274673462,44.967880845069885,100.0,True,9.714606395575323e-08,44.96788024902344,467,61.587982177734375,466,51.87969970703125,133,49.624061584472656,133
1,raw_clip_sampler_only,balanced_14_per_group,103,0.0001,56,512,54.74562108516693,43.609023094177246,100.0,True,8.050122364115164e-08,63.59742736816406,467,47.85407638549805,466,43.60902404785156,133,58.6466178894043,133
1,raw_clip_sampler_only,balanced_14_per_group,103,0.001,56,512,55.045872926712036,42.85714328289032,100.0,True,6.520441417791329e-08,64.02569580078125,467,48.283260345458984,466,42.85714340209961,133,59.398494720458984,133
1,raw_clip_sampler_only,balanced_14_per_group,103,0.01,56,512,55.12927174568176,42.105263471603394,100.0,True,8.112093235210574e-08,64.23983001708984,467,48.283260345458984,466,42.105262756347656,133,60.15037155151367,133
1,raw_clip_sampler_only,balanced_14_per_group,103,0.1,56,512,55.879902839660645,42.105263471603394,100.0,True,9.27577727148415e-08,65.73875427246094,467,48.49785232543945,466,42.105262756347656,133,60.90225601196289,133
1,raw_clip_sampler_only,balanced_28_per_group,101,0.0001,112,512,51.459550857543945,44.539615511894226,100.0,True,9.189949204018767e-08,44.539615631103516,467,54.29184341430664,466,60.90225601196289,133,56.39097595214844,133
1,raw_clip_sampler_only,balanced_28_per_group,101,0.001,112,512,51.626354455947876,45.182013511657715,100.0,True,5.6293675974124126e-08,45.18201446533203,467,53.8626594543457,466,60.15037155151367,133,57.894737243652344,133
1,raw_clip_sampler_only,balanced_28_per_group,101,0.01,112,512,52.126771211624146,46.03854417800903,100.0,True,9.358317643634161e-08,46.038543701171875,467,54.29184341430664,466,59.398494720458984,133,58.6466178894043,133
1,raw_clip_sampler_only,balanced_28_per_group,101,0.1,112,512,52.79399752616882,49.25053417682648,100.0,True,7.226031067866096e-08,49.25053405761719,467,53.648067474365234,466,57.142860412597656,133,57.894737243652344,133
1,raw_clip_sampler_only,balanced_28_per_group,102,0.0001,112,512,52.960801124572754,43.68308484554291,100.0,True,7.086750093673721e-08,43.68308639526367,467,61.587982177734375,466,48.12030029296875,133,60.15037155151367,133
1,raw_clip_sampler_only,balanced_28_per_group,102,0.001,112,512,53.29441428184509,43.68308484554291,100.0,True,8.304726721566002e-08,43.68308639526367,467,62.44635009765625,466,48.8721809387207,133,59.398494720458984,133
1,raw_clip_sampler_only,balanced_28_per_group,102,0.01,112,512,53.46121788024902,43.68308484554291,100.0,True,9.51580625721234e-08,43.68308639526367,467,63.090126037597656,466,49.624061584472656,133,57.894737243652344,133
1,raw_clip_sampler_only,balanced_28_per_group,102,0.1,112,512,53.46121788024902,43.68308484554291,100.0,True,4.458398063873683e-08,43.68308639526367,467,62.87553787231445,466,51.12782287597656,133,57.142860412597656,133
1,raw_clip_sampler_only,balanced_28_per_group,103,0.0001,112,512,59.38282012939453,42.85714328289032,100.0,True,9.837652563862695e-08,62.95503234863281,467,60.94420623779297,466,42.85714340209961,133,57.894737243652344,133
1,raw_clip_sampler_only,balanced_28_per_group,103,0.001,112,512,59.38282012939453,42.85714328289032,100.0,True,7.785325445161062e-08,63.38330078125,467,60.3004264831543,466,42.85714340209961,133,58.6466178894043,133
1,raw_clip_sampler_only,balanced_28_per_group,103,0.01,112,512,59.04920697212219,41.35338366031647,100.0,True,9.224520768573831e-08,63.16916275024414,467,59.871246337890625,466,41.3533821105957,133,59.398494720458984,133
1,raw_clip_sampler_only,balanced_28_per_group,103,0.1,112,512,57.96496868133545,43.609023094177246,100.0,True,9.940730459189612e-08,59.95716857910156,467,59.44206237792969,466,43.60902404785156,133,60.15037155151367,133
2,raw_clip_sampler_only,original_ds_train,0,0.0001,224,512,48.45704734325409,43.347638845443726,100.0,True,6.642753309552387e-08,46.038543701171875,467,43.34763717651367,466,58.6466178894043,133,64.66165161132812,133
2,raw_clip_sampler_only,original_ds_train,0,0.001,224,512,48.45704734325409,44.420599937438965,100.0,True,9.473679976559782e-08,45.82441329956055,467,44.42060089111328,466,56.39097595214844,133,63.90977478027344,133
2,raw_clip_sampler_only,original_ds_train,0,0.01,224,512,48.62385392189026,45.182013511657715,100.0,True,8.517295096988065e-08,45.18201446533203,467,45.92274856567383,466,56.39097595214844,133,62.40601348876953,133
2,raw_clip_sampler_only,original_ds_train,0,0.1,224,512,49.87489581108093,46.25267684459686,97.76785969734192,True,6.971319466207541e-08,46.25267791748047,467,47.21030044555664,466,57.142860412597656,133,64.66165161132812,133
2,raw_clip_sampler_only,balanced_14_per_group,101,0.0001,56,512,44.954127073287964,29.613733291625977,100.0,True,9.718831223324117e-08,46.89507293701172,467,29.613733291625977,466,67.66917419433594,133,69.17292785644531,133
2,raw_clip_sampler_only,balanced_14_per_group,101,0.001,56,512,44.954127073287964,29.828324913978577,100.0,True,8.14529047300105e-08,46.4668083190918,467,29.828325271606445,466,68.42105102539062,133,69.17292785644531,133
2,raw_clip_sampler_only,balanced_14_per_group,101,0.01,56,512,44.453710317611694,29.613733291625977,100.0,True,2.528892983867312e-08,46.038543701171875,467,29.613733291625977,466,67.66917419433594,133,67.66917419433594,133
2,raw_clip_sampler_only,balanced_14_per_group,101,0.1,56,512,45.45454680919647,31.115880608558655,100.0,True,7.160103477959687e-08,47.10920715332031,467,31.115880966186523,466,67.66917419433594,133,67.66917419433594,133
2,raw_clip_sampler_only,balanced_14_per_group,102,0.0001,56,512,54.361966252326965,44.36090290546417,100.0,True,8.763682248388342e-08,51.82012939453125,467,60.94420623779297,466,50.375938415527344,133,44.360904693603516,133
2,raw_clip_sampler_only,balanced_14_per_group,102,0.001,56,512,54.37864661216736,44.36090290546417,100.0,True,9.231815643777135e-08,51.605995178222656,467,60.94420623779297,466,51.12782287597656,133,44.360904693603516,133
2,raw_clip_sampler_only,balanced_14_per_group,102,0.01,56,512,54.54545617103577,44.36090290546417,100.0,True,8.956619843198971e-08,52.24839401245117,467,60.94420623779297,466,50.375938415527344,133,44.360904693603516,133
2,raw_clip_sampler_only,balanced_14_per_group,102,0.1,56,512,54.21184301376343,46.61654233932495,100.0,True,8.702507746979199e-08,51.82012939453125,467,59.65665054321289,466,51.12782287597656,133,46.61654281616211,133
2,raw_clip_sampler_only,balanced_14_per_group,103,0.0001,56,512,53.79483103752136,35.62231659889221,100.0,True,9.221429313269683e-08,70.23554229736328,467,35.622318267822266,466,38.345863342285156,133,75.18797302246094,133
2,raw_clip_sampler_only,balanced_14_per_group,103,0.001,56,512,53.628021478652954,35.62231659889221,100.0,True,7.00402818167931e-08,69.80728149414062,467,35.622318267822266,466,38.345863342285156,133,75.18797302246094,133
2,raw_clip_sampler_only,balanced_14_per_group,103,0.01,56,512,53.628021478652954,35.83691120147705,100.0,True,8.343303768163982e-08,69.80728149414062,467,35.836910247802734,466,37.59398651123047,133,75.18797302246094,133
2,raw_clip_sampler_only,balanced_14_per_group,103,0.1,56,512,53.628021478652954,35.83691120147705,100.0,True,9.434979960851186e-08,69.16488647460938,467,35.836910247802734,466,37.59398651123047,133,77.44361114501953,133
2,raw_clip_sampler_only,balanced_28_per_group,101,0.0001,112,512,53.21100950241089,45.1127827167511,100.0,True,9.448929147565889e-08,60.385440826416016,467,46.3519287109375,466,45.1127815246582,133,60.15037155151367,133
2,raw_clip_sampler_only,balanced_28_per_group,101,0.001,112,512,53.21100950241089,46.35193049907684,100.0,True,8.196693737100895e-08,59.52890396118164,467,46.3519287109375,466,47.36842346191406,133,60.90225601196289,133
2,raw_clip_sampler_only,balanced_28_per_group,101,0.01,112,512,52.87739634513855,46.13733887672424,100.0,True,6.104720795074934e-08,59.10063934326172,467,46.1373405456543,466,47.36842346191406,133,60.15037155151367,133
2,raw_clip_sampler_only,balanced_28_per_group,101,0.1,112,512,52.460384368896484,47.21029996871948,100.0,True,9.355114658458896e-08,56.102783203125,467,47.21030044555664,466,48.8721809387207,133,61.65413284301758,133
2,raw_clip_sampler_only,balanced_28_per_group,102,0.0001,112,512,53.96163463592529,49.624061584472656,100.0,True,9.173560607839935e-08,51.82012939453125,467,57.72532272338867,466,52.6315803527832,133,49.624061584472656,133
2,raw_clip_sampler_only,balanced_28_per_group,102,0.001,112,512,53.71142625808716,50.375938415527344,100.0,True,9.121567770225647e-08,50.963600158691406,467,57.72532272338867,466,52.6315803527832,133,50.375938415527344,133
2,raw_clip_sampler_only,balanced_28_per_group,102,0.01,112,512,52.460384368896484,48.82226884365082,100.0,True,8.179097168244023e-08,48.822269439697266,467,57.08154296875,466,51.87969970703125,133,49.624061584472656,133
2,raw_clip_sampler_only,balanced_28_per_group,102,0.1,112,512,50.87572932243347,46.46680951118469,99.10714030265808,True,5.523785945142634e-08,46.4668083190918,467,53.43347930908203,466,54.8872184753418,133,53.38345718383789,133
2,raw_clip_sampler_only,balanced_28_per_group,103,0.0001,112,512,53.71142625808716,46.35193049907684,100.0,True,8.903329720947579e-08,59.95716857910156,467,46.3519287109375,466,47.36842346191406,133,63.90977478027344,133
2,raw_clip_sampler_only,balanced_28_per_group,103,0.001,112,512,53.71142625808716,46.13733887672424,100.0,True,6.667020857151098e-08,59.95716857910156,467,46.1373405456543,466,48.12030029296875,133,63.90977478027344,133
2,raw_clip_sampler_only,balanced_28_per_group,103,0.01,112,512,53.79483103752136,46.13733887672424,100.0,True,9.841933823522215e-08,59.7430419921875,467,46.1373405456543,466,49.624061584472656,133,63.90977478027344,133
2,raw_clip_sampler_only,balanced_28_per_group,103,0.1,112,512,53.46121788024902,45.92274725437164,100.0,True,8.818179893590756e-08,59.10063934326172,467,45.92274856567383,466,48.12030029296875,133,65.41353607177734,133
3,simclr,original_ds_train,0,0.0001,224,512,52.71059274673462,47.75160551071167,100.0,True,9.217693448589719e-08,47.75160598754883,467,56.437767028808594,466,51.12782287597656,133,58.6466178894043,133
3,simclr,original_ds_train,0,0.001,224,512,52.627187967300415,47.32334017753601,100.0,True,9.878455092018597e-08,47.323341369628906,467,56.22317886352539,466,51.87969970703125,133,59.398494720458984,133
3,simclr,original_ds_train,0,0.01,224,512,52.460384368896484,48.82226884365082,100.0,True,8.996515893713863e-08,48.822269439697266,467,53.43347930908203,466,54.13534164428711,133,60.15037155151367,133
3,simclr,original_ds_train,0,0.1,224,512,51.29274129867554,47.9657381772995,95.53571343421936,True,9.16240731054993e-08,47.965736389160156,467,49.141632080078125,466,57.142860412597656,133,64.66165161132812,133
3,simclr,balanced_14_per_group,101,0.0001,56,512,47.04753935337067,29.420600831508636,100.0,True,6.639231387755522e-08,54.17559051513672,467,29.399141311645508,466,56.39097595214844,133,74.43609619140625,133
3,simclr,balanced_14_per_group,101,0.001,56,512,46.53878211975098,29.184550046920776,100.0,True,9.042769606471554e-08,53.5331916809082,467,29.18454933166504,466,55.63909912109375,133,73.68421173095703,133
3,simclr,balanced_14_per_group,101,0.01,56,512,46.20517194271088,28.969958424568176,100.0,True,6.267481872141052e-08,52.89078903198242,467,28.969959259033203,466,55.63909912109375,133,73.68421173095703,133
3,simclr,balanced_14_per_group,101,0.1,56,512,45.53794860839844,28.111588954925537,100.0,True,8.98079370167601e-08,52.676658630371094,467,28.111589431762695,466,54.13534164428711,133,72.93233489990234,133
3,simclr,balanced_14_per_group,102,0.0001,56,512,50.959134101867676,47.36842215061188,100.0,True,9.76482939612819e-08,50.321197509765625,467,53.2188835144043,466,47.36842346191406,133,48.8721809387207,133
3,simclr,balanced_14_per_group,102,0.001,56,512,51.0425329208374,46.61654233932495,100.0,True,9.619825371705271e-08,50.53533172607422,467,53.2188835144043,466,46.61654281616211,133,49.624061584472656,133
3,simclr,balanced_14_per_group,102,0.01,56,512,51.0425329208374,46.61654233932495,100.0,True,9.953136468010765e-08,50.53533172607422,467,53.004295349121094,466,46.61654281616211,133,50.375938415527344,133
3,simclr,balanced_14_per_group,102,0.1,56,512,51.79315805435181,47.36842215061188,100.0,True,6.090192495211873e-08,51.605995178222656,467,52.78969955444336,466,47.36842346191406,133,53.38345718383789,133
3,simclr,balanced_14_per_group,103,0.0001,56,512,52.37697958946228,40.12875556945801,100.0,True,7.266636010301308e-08,60.17130661010742,467,40.128753662109375,466,51.87969970703125,133,68.42105102539062,133
3,simclr,balanced_14_per_group,103,0.001,56,512,52.293580770492554,40.12875556945801,100.0,True,7.132510355557374e-08,59.7430419921875,467,40.128753662109375,466,51.87969970703125,133,69.17292785644531,133
3,simclr,balanced_14_per_group,103,0.01,56,512,51.54294967651367,38.84120285511017,100.0,True,8.976292169878951e-08,59.7430419921875,467,38.84120178222656,466,51.12782287597656,133,67.66917419433594,133
3,simclr,balanced_14_per_group,103,0.1,56,512,50.79232454299927,39.27038609981537,100.0,True,9.666640799540355e-08,57.601715087890625,467,39.2703857421875,466,52.6315803527832,133,65.41353607177734,133
3,simclr,balanced_28_per_group,101,0.0001,112,512,51.626354455947876,48.92703890800476,100.0,True,8.862545688108907e-08,49.25053405761719,467,48.927040100097656,466,51.87969970703125,133,69.17292785644531,133
3,simclr,balanced_28_per_group,101,0.001,112,512,50.959134101867676,48.49785268306732,100.0,True,9.048511405529793e-08,48.60813522338867,467,48.49785232543945,466,51.12782287597656,133,67.66917419433594,133
3,simclr,balanced_28_per_group,101,0.01,112,512,51.125937700271606,48.28326106071472,100.0,True,9.291934612877788e-08,49.46466827392578,467,48.283260345458984,466,50.375938415527344,133,67.66917419433594,133
3,simclr,balanced_28_per_group,101,0.1,112,512,51.29274129867554,47.63948619365692,100.0,True,8.20628088215019e-08,49.8929328918457,467,47.63948440551758,466,54.13534164428711,133,66.16541290283203,133
3,simclr,balanced_28_per_group,102,0.0001,112,512,56.547123193740845,55.639100074768066,100.0,True,6.526844299384802e-08,55.67451858520508,467,55.79398727416992,466,55.63909912109375,133,63.15789031982422,133
3,simclr,balanced_28_per_group,102,0.001,112,512,56.29691481590271,55.46038746833801,100.0,True,9.555696704767933e-08,55.46038818359375,467,55.57939910888672,466,55.63909912109375,133,62.40601348876953,133
3,simclr,balanced_28_per_group,102,0.01,112,512,55.546289682388306,54.389721155166626,100.0,True,9.617614298582447e-08,54.38972091674805,467,55.15021514892578,466,55.63909912109375,133,60.90225601196289,133
3,simclr,balanced_28_per_group,102,0.1,112,512,54.29524779319763,51.82012915611267,99.10714030265808,True,6.10029848953017e-08,51.82012939453125,467,54.72102737426758,466,56.39097595214844,133,59.398494720458984,133
3,simclr,balanced_28_per_group,103,0.0001,112,512,53.87822985649109,45.064377784729004,100.0,True,7.104785153516122e-08,57.601715087890625,467,45.06437683105469,466,57.142860412597656,133,68.42105102539062,133
3,simclr,balanced_28_per_group,103,0.001,112,512,53.96163463592529,45.278969407081604,100.0,True,7.917391225010367e-08,57.387577056884766,467,45.278968811035156,466,57.142860412597656,133,69.17292785644531,133
3,simclr,balanced_28_per_group,103,0.01,112,512,53.79483103752136,45.493561029434204,100.0,True,8.68886966972314e-08,56.959312438964844,467,45.493560791015625,466,56.39097595214844,133,69.17292785644531,133
3,simclr,balanced_28_per_group,103,0.1,112,512,51.87656283378601,43.133047223091125,99.10714030265808,True,9.659242094974679e-08,54.38972091674805,467,43.13304901123047,466,57.142860412597656,133,68.42105102539062,133
3,crp_sampler_only,original_ds_train,0,0.0001,224,512,49.87489581108093,44.753748178482056,100.0,True,9.910924067156932e-08,44.75374984741211,467,48.49785232543945,466,57.894737243652344,133,64.66165161132812,133
3,crp_sampler_only,original_ds_train,0,0.001,224,512,50.12510418891907,45.396146178245544,100.0,True,9.038487022846806e-08,45.39614486694336,467,48.49785232543945,466,57.894737243652344,133,64.66165161132812,133
3,crp_sampler_only,original_ds_train,0,0.01,224,512,50.20850896835327,46.25267684459686,100.0,True,8.732682913447645e-08,46.25267791748047,467,47.42489242553711,466,58.6466178894043,133,65.41353607177734,133
3,crp_sampler_only,original_ds_train,0,0.1,224,512,49.37447905540466,44.635194540023804,96.42857313156128,True,9.00417826393135e-08,46.68094253540039,467,44.63519287109375,466,57.894737243652344,133,66.91729736328125,133
3,crp_sampler_only,balanced_14_per_group,101,0.0001,56,512,43.53628158569336,27.467811107635498,100.0,True,9.376796143407684e-08,44.75374984741211,467,27.467811584472656,466,60.90225601196289,133,78.19548797607422,133
3,crp_sampler_only,balanced_14_per_group,101,0.001,56,512,43.70308518409729,27.682402729988098,100.0,True,8.002416358977185e-08,45.18201446533203,467,27.682403564453125,466,60.15037155151367,133,78.19548797607422,133
3,crp_sampler_only,balanced_14_per_group,101,0.01,56,512,43.786489963531494,28.326180577278137,100.0,True,9.050937349494277e-08,44.96788024902344,467,28.326181411743164,466,59.398494720458984,133,78.19548797607422,133
3,crp_sampler_only,balanced_14_per_group,101,0.1,56,512,44.286906719207764,28.326180577278137,100.0,True,7.105791828380947e-08,46.25267791748047,467,28.326181411743164,466,59.398494720458984,133,78.19548797607422,133
3,crp_sampler_only,balanced_14_per_group,102,0.0001,56,512,50.54211616516113,45.182013511657715,100.0,True,9.787466696911131e-08,45.18201446533203,467,50.214595794677734,466,61.65413284301758,133,59.398494720458984,133
3,crp_sampler_only,balanced_14_per_group,102,0.001,56,512,50.291907787323,44.753748178482056,100.0,True,9.333271038867281e-08,44.75374984741211,467,50.214595794677734,466,61.65413284301758,133,58.6466178894043,133
3,crp_sampler_only,balanced_14_per_group,102,0.01,56,512,49.87489581108093,44.11135017871857,100.0,True,9.196212893980166e-08,44.111351013183594,467,50.214595794677734,466,60.90225601196289,133,57.894737243652344,133
3,crp_sampler_only,balanced_14_per_group,102,0.1,56,512,49.6246874332428,43.46895217895508,100.0,True,2.483356422480461e-08,43.46895217895508,467,50.42918395996094,466,60.15037155151367,133,57.894737243652344,133
3,crp_sampler_only,balanced_14_per_group,103,0.0001,56,512,56.88907623291015,42.180451452732086,100.0,True,9.930442754829471e-08,68.95074462890625,467,44.42060089111328,466,42.105262756347656,133,72.93233489990234,133
3,crp_sampler_only,balanced_14_per_group,103,0.001,56,512,56.79733157157898,41.35338366031647,100.0,True,9.09366928076086e-08,68.5224838256836,467,44.84978485107422,466,41.3533821105957,133,72.93233489990234,133
3,crp_sampler_only,balanced_14_per_group,103,0.01,56,512,56.547123193740845,39.849624037742615,100.0,True,8.725774846660042e-08,68.308349609375,467,44.63519287109375,466,39.84962463378906,133,73.68421173095703,133
3,crp_sampler_only,balanced_14_per_group,103,0.1,56,512,56.29691481590271,40.60150384902954,100.0,True,9.189644383953907e-08,66.8094253540039,467,44.84978485107422,466,40.601505279541016,133,75.18797302246094,133
3,crp_sampler_only,balanced_28_per_group,101,0.0001,112,512,52.627187967300415,46.61654233932495,100.0,True,9.46953090333434e-08,55.46038818359375,467,47.63948440551758,466,46.61654281616211,133,66.16541290283203,133
3,crp_sampler_only,balanced_28_per_group,101,0.001,112,512,52.54378914833069,45.864662528038025,100.0,True,7.994198505985729e-08,55.46038818359375,467,47.42489242553711,466,45.864662170410156,133,66.91729736328125,133
3,crp_sampler_only,balanced_28_per_group,101,0.01,112,512,52.37697958946228,46.61654233932495,100.0,True,9.750850966808514e-08,55.46038818359375,467,47.42489242553711,466,46.61654281616211,133,64.66165161132812,133
3,crp_sampler_only,balanced_28_per_group,101,0.1,112,512,52.87739634513855,46.61654233932495,100.0,True,9.716589951906662e-08,55.67451858520508,467,47.42489242553711,466,46.61654281616211,133,68.42105102539062,133
3,crp_sampler_only,balanced_28_per_group,102,0.0001,112,512,53.37781310081482,49.892932176589966,100.0,True,9.5967979979705e-08,49.8929328918457,467,51.50214385986328,466,63.90977478027344,133,61.65413284301758,133
3,crp_sampler_only,balanced_28_per_group,102,0.001,112,512,53.04420590400696,49.46466684341431,100.0,True,6.84173934278583e-08,49.46466827392578,467,51.072959899902344,466,63.15789031982422,133,62.40601348876953,133
3,crp_sampler_only,balanced_28_per_group,102,0.01,112,512,52.79399752616882,49.03640151023865,100.0,True,8.760834786065378e-08,49.036399841308594,467,50.214595794677734,466,63.90977478027344,133,63.90977478027344,133
3,crp_sampler_only,balanced_28_per_group,102,0.1,112,512,52.37697958946228,46.25267684459686,100.0,True,9.329838388145995e-08,46.25267791748047,467,51.716739654541016,466,63.15789031982422,133,65.41353607177734,133
3,crp_sampler_only,balanced_28_per_group,103,0.0001,112,512,52.460384368896484,42.274677753448486,100.0,True,8.688805711747431e-08,56.959312438964844,467,42.27467727661133,466,54.13534164428711,133,70.67668914794922,133
3,crp_sampler_only,balanced_28_per_group,103,0.001,112,512,52.79399752616882,42.918455600738525,100.0,True,6.636637510153089e-08,56.959312438964844,467,42.91845703125,466,54.8872184753418,133,70.67668914794922,133
3,crp_sampler_only,balanced_28_per_group,103,0.01,112,512,52.960801124572754,43.776825070381165,100.0,True,8.180817823231872e-08,56.53104782104492,467,43.776824951171875,466,54.8872184753418,133,70.67668914794922,133
3,crp_sampler_only,balanced_28_per_group,103,0.1,112,512,52.71059274673462,44.849786162376404,100.0,True,9.647653939279244e-08,55.46038818359375,467,44.84978485107422,466,54.13534164428711,133,69.17292785644531,133
3,raw_clip_kl,original_ds_train,0,0.0001,224,512,50.291907787323,38.97216320037842,100.0,True,9.947556861187877e-08,38.972164154052734,467,56.22317886352539,466,62.40601348876953,133,57.142860412597656,133
3,raw_clip_kl,original_ds_train,0,0.001,224,512,50.04169940948486,38.75803053379059,100.0,True,8.899178833990731e-08,38.75802993774414,467,56.22317886352539,466,62.40601348876953,133,55.63909912109375,133
3,raw_clip_kl,original_ds_train,0,0.01,224,512,50.291907787323,39.40042853355408,100.0,True,9.255575629009416e-08,39.400428771972656,467,55.36480712890625,466,64.66165161132812,133,56.39097595214844,133
3,raw_clip_kl,original_ds_train,0,0.1,224,512,49.54128563404083,41.7558878660202,95.98214030265808,True,8.724552815142722e-08,41.75588607788086,467,51.716739654541016,466,60.90225601196289,133,57.894737243652344,133
3,raw_clip_kl,balanced_14_per_group,101,0.0001,56,512,47.03085869550705,35.17167419195175,100.0,True,9.692278615785745e-08,50.53533172607422,467,35.19313430786133,466,51.87969970703125,133,71.42857360839844,133
3,raw_clip_kl,balanced_14_per_group,101,0.001,56,512,46.62218391895294,34.12017226219177,100.0,True,8.639415856996838e-08,50.74946212768555,467,34.12017059326172,466,51.87969970703125,133,70.67668914794922,133
3,raw_clip_kl,balanced_14_per_group,101,0.01,56,512,46.12176716327667,33.04721117019653,100.0,True,9.12383085520602e-08,50.321197509765625,467,33.047210693359375,466,51.12782287597656,133,72.18045043945312,133
3,raw_clip_kl,balanced_14_per_group,101,0.1,56,512,47.12260365486145,33.26180279254913,100.0,True,8.722821080026089e-08,52.03425979614258,467,33.261802673339844,466,52.6315803527832,133,72.93233489990234,133
3,raw_clip_kl,balanced_14_per_group,102,0.0001,56,512,47.873228788375854,39.61456120014191,100.0,True,7.228265049578754e-08,39.61456298828125,467,51.50214385986328,466,54.13534164428711,133,57.894737243652344,133
3,raw_clip_kl,balanced_14_per_group,102,0.001,56,512,47.873228788375854,40.042826533317566,100.0,True,9.337888361342166e-08,40.04282760620117,467,51.28755569458008,466,53.38345718383789,133,57.894737243652344,133
3,raw_clip_kl,balanced_14_per_group,102,0.01,56,512,48.206838965415955,40.256959199905396,100.0,True,7.660023844022722e-08,40.2569580078125,467,52.14592361450195,466,52.6315803527832,133,57.894737243652344,133
3,raw_clip_kl,balanced_14_per_group,102,0.1,56,512,47.873228788375854,39.18629586696625,100.0,True,5.652356327282872e-08,39.18629455566406,467,51.93132781982422,466,54.8872184753418,133,57.142860412597656,133
3,raw_clip_kl,balanced_14_per_group,103,0.0001,56,512,53.79483103752136,46.78111672401428,100.0,True,5.820600393620815e-08,59.31477355957031,467,46.7811164855957,466,48.12030029296875,133,64.66165161132812,133
3,raw_clip_kl,balanced_14_per_group,103,0.001,56,512,53.87822985649109,47.21029996871948,100.0,True,9.311626584304346e-08,59.31477355957031,467,47.21030044555664,466,47.36842346191406,133,64.66165161132812,133
3,raw_clip_kl,balanced_14_per_group,103,0.01,56,512,54.0450394153595,47.36842215061188,100.0,True,8.254538053355741e-08,59.52890396118164,467,47.42489242553711,466,47.36842346191406,133,64.66165161132812,133
3,raw_clip_kl,balanced_14_per_group,103,0.1,56,512,54.62885499000549,48.71244728565216,100.0,True,9.460595868510113e-08,59.52890396118164,467,48.71244812011719,466,48.8721809387207,133,63.90977478027344,133
3,raw_clip_kl,balanced_28_per_group,101,0.0001,112,512,48.61551344394684,41.94860726594925,100.0,True,6.528661959277217e-08,41.97002029418945,467,53.004295349121094,466,44.360904693603516,133,60.90225601196289,133
3,raw_clip_kl,balanced_28_per_group,101,0.001,112,512,49.11593049764633,42.59100526571274,100.0,True,9.795328302956378e-08,42.61241912841797,467,53.8626594543457,466,44.360904693603516,133,60.15037155151367,133
3,raw_clip_kl,balanced_28_per_group,101,0.01,112,512,49.12427067756653,41.7558878660202,100.0,True,8.306224707438988e-08,41.75588607788086,467,54.72102737426758,466,45.1127815246582,133,59.398494720458984,133
3,raw_clip_kl,balanced_28_per_group,101,0.1,112,512,50.04169940948486,42.39828586578369,100.0,True,9.285695625306858e-08,42.398284912109375,467,55.79398727416992,466,48.12030029296875,133,58.6466178894043,133
3,raw_clip_kl,balanced_28_per_group,102,0.0001,112,512,51.125937700271606,37.04496920108795,100.0,True,9.607596782252445e-08,37.04496765136719,467,62.44635009765625,466,59.398494720458984,133,52.6315803527832,133
3,raw_clip_kl,balanced_28_per_group,102,0.001,112,512,50.3753125667572,36.402568221092224,100.0,True,8.195917320952826e-08,36.40256881713867,467,61.15879821777344,466,58.6466178894043,133,53.38345718383789,133
3,raw_clip_kl,balanced_28_per_group,102,0.01,112,512,50.70892572402954,37.47323453426361,100.0,True,9.297746433818742e-08,37.473236083984375,467,60.729610443115234,466,57.142860412597656,133,55.63909912109375,133
3,raw_clip_kl,balanced_28_per_group,102,0.1,112,512,51.459550857543945,38.97216320037842,99.10714030265808,True,3.9231099833135497e-08,38.972164154052734,467,60.3004264831543,466,56.39097595214844,133,59.398494720458984,133
3,raw_clip_kl,balanced_28_per_group,103,0.0001,112,512,50.54211616516113,48.17987084388733,100.0,True,9.99239903874482e-08,48.17987060546875,467,48.71244812011719,466,55.63909912109375,133,60.15037155151367,133
3,raw_clip_kl,balanced_28_per_group,103,0.001,112,512,50.54211616516113,48.28326106071472,100.0,True,4.824523590569098e-08,48.394004821777344,467,48.283260345458984,466,56.39097595214844,133,60.15037155151367,133
3,raw_clip_kl,balanced_28_per_group,103,0.01,112,512,50.62552094459534,48.39400351047516,100.0,True,9.758957932308899e-08,48.394004821777344,467,48.71244812011719,466,56.39097595214844,133,59.398494720458984,133
3,raw_clip_kl,balanced_28_per_group,103,0.1,112,512,51.0425329208374,48.92703890800476,100.0,True,9.673875506189221e-08,49.036399841308594,467,48.927040100097656,466,55.63909912109375,133,60.90225601196289,133
3,raw_clip_sampler_only,original_ds_train,0,0.0001,224,512,49.9582976102829,40.685224533081055,100.0,True,9.808360048543265e-08,40.68522644042969,467,52.14592361450195,466,59.398494720458984,133,65.41353607177734,133
3,raw_clip_sampler_only,original_ds_train,0,0.001,224,512,50.04169940948486,40.042826533317566,100.0,True,9.140800765801036e-08,40.04282760620117,467,52.575103759765625,466,60.90225601196289,133,65.41353607177734,133
3,raw_clip_sampler_only,original_ds_train,0,0.01,224,512,49.207672476768494,39.18629586696625,100.0,True,8.520973272547333e-08,39.18629455566406,467,51.716739654541016,466,60.15037155151367,133,64.66165161132812,133
3,raw_clip_sampler_only,original_ds_train,0,0.1,224,512,48.540449142456055,39.40042853355408,96.875,True,8.404382105758976e-08,39.400428771972656,467,50.214595794677734,466,57.894737243652344,133,65.41353607177734,133
3,raw_clip_sampler_only,balanced_14_per_group,101,0.0001,56,512,49.207672476768494,36.69527769088745,100.0,True,9.720955971191525e-08,53.319053649902344,467,36.69527816772461,466,50.375938415527344,133,77.44361114501953,133
3,raw_clip_sampler_only,balanced_14_per_group,101,0.001,56,512,48.540449142456055,35.62231659889221,100.0,True,7.746908113056639e-08,52.676658630371094,467,35.622318267822266,466,49.624061584472656,133,78.19548797607422,133
3,raw_clip_sampler_only,balanced_14_per_group,101,0.01,56,512,48.45704734325409,35.19313335418701,100.0,True,9.094839026210994e-08,52.676658630371094,467,35.19313430786133,466,49.624061584472656,133,78.94737243652344,133
3,raw_clip_sampler_only,balanced_14_per_group,101,0.1,56,512,48.540449142456055,35.62231659889221,100.0,True,8.567542986431115e-08,53.5331916809082,467,35.622318267822266,466,48.12030029296875,133,76.69172668457031,133
3,raw_clip_sampler_only,balanced_14_per_group,102,0.0001,56,512,46.87239229679108,38.97216320037842,100.0,True,9.808150412340486e-08,38.972164154052734,467,47.63948440551758,466,58.6466178894043,133,60.15037155151367,133
3,raw_clip_sampler_only,balanced_14_per_group,102,0.001,56,512,46.87239229679108,38.75803053379059,100.0,True,7.798912027938139e-08,38.75802993774414,467,47.63948440551758,466,58.6466178894043,133,60.90225601196289,133
3,raw_clip_sampler_only,balanced_14_per_group,102,0.01,56,512,46.45538032054901,38.54389786720276,100.0,True,8.914390346921076e-08,38.54389953613281,467,46.99570846557617,466,58.6466178894043,133,60.15037155151367,133
3,raw_clip_sampler_only,balanced_14_per_group,102,0.1,56,512,46.62218391895294,39.18629586696625,100.0,True,9.728298042393363e-08,39.18629455566406,467,46.56652069091797,466,57.894737243652344,133,61.65413284301758,133
3,raw_clip_sampler_only,balanced_14_per_group,103,0.0001,56,512,54.03669893741607,43.562230467796326,100.0,True,7.943222949587125e-08,63.16916275024414,467,43.56222915649414,466,46.61654281616211,133,66.16541290283203,133
3,raw_clip_sampler_only,balanced_14_per_group,103,0.001,56,512,53.71142625808716,43.776825070381165,100.0,True,8.969452918021232e-08,62.09850311279297,467,43.776824951171875,466,46.61654281616211,133,66.16541290283203,133
3,raw_clip_sampler_only,balanced_14_per_group,103,0.01,56,512,53.37781310081482,43.347638845443726,100.0,True,6.865503469501003e-08,61.67023849487305,467,43.34763717651367,466,45.864662170410156,133,66.91729736328125,133
3,raw_clip_sampler_only,balanced_14_per_group,103,0.1,56,512,53.79483103752136,44.420599937438965,100.0,True,9.72648895748024e-08,61.241973876953125,467,44.42060089111328,466,45.1127815246582,133,69.17292785644531,133
3,raw_clip_sampler_only,balanced_28_per_group,101,0.0001,112,512,51.05087339878083,42.85714328289032,100.0,True,7.721242271777343e-08,43.68308639526367,467,57.939918518066406,466,42.85714340209961,133,60.90225601196289,133
3,raw_clip_sampler_only,balanced_28_per_group,101,0.001,112,512,50.70892572402954,42.85714328289032,100.0,True,9.281410436744089e-08,44.111351013183594,467,56.8669548034668,466,42.85714340209961,133,60.15037155151367,133
3,raw_clip_sampler_only,balanced_28_per_group,101,0.01,112,512,50.87572932243347,44.3254828453064,100.0,True,9.968011742812841e-08,44.32548141479492,467,56.008583068847656,466,46.61654281616211,133,60.15037155151367,133
3,raw_clip_sampler_only,balanced_28_per_group,101,0.1,112,512,51.79315805435181,47.10920751094818,100.0,True,9.760774602766628e-08,47.10920715332031,467,54.72102737426758,466,48.12030029296875,133,61.65413284301758,133
3,raw_clip_sampler_only,balanced_28_per_group,102,0.0001,112,512,52.126771211624146,41.97002053260803,100.0,True,9.857204901267663e-08,41.97002029418945,467,58.15450668334961,466,60.15037155151367,133,58.6466178894043,133
3,raw_clip_sampler_only,balanced_28_per_group,102,0.001,112,512,52.126771211624146,41.7558878660202,100.0,True,8.554160967431353e-08,41.75588607788086,467,57.939918518066406,466,60.90225601196289,133,59.398494720458984,133
3,raw_clip_sampler_only,balanced_28_per_group,102,0.01,112,512,51.79315805435181,40.899357199668884,100.0,True,8.424154237531532e-08,40.899356842041016,467,57.51072692871094,466,60.90225601196289,133,60.90225601196289,133
3,raw_clip_sampler_only,balanced_28_per_group,102,0.1,112,512,51.0425329208374,38.97216320037842,99.10714030265808,True,9.084089111922183e-08,38.972164154052734,467,56.22317886352539,466,63.15789031982422,133,63.15789031982422,133
3,raw_clip_sampler_only,balanced_28_per_group,103,0.0001,112,512,54.37864661216736,51.50214433670044,100.0,True,7.976574479640907e-08,54.38972091674805,467,51.50214385986328,466,54.13534164428711,133,64.66165161132812,133
3,raw_clip_sampler_only,balanced_28_per_group,103,0.001,112,512,54.29524779319763,51.50214433670044,100.0,True,8.16238241751929e-08,54.17559051513672,467,51.50214385986328,466,54.13534164428711,133,64.66165161132812,133
3,raw_clip_sampler_only,balanced_28_per_group,103,0.01,112,512,53.96163463592529,50.64377784729004,100.0,True,8.487470859377261e-08,53.5331916809082,467,50.643775939941406,466,54.13534164428711,133,66.91729736328125,133
3,raw_clip_sampler_only,balanced_28_per_group,103,0.1,112,512,53.79483103752136,50.0,100.0,True,9.628128105248004e-08,53.5331916809082,467,50.0,466,54.13534164428711,133,67.66917419433594,133
3,splice_crp_kl,original_ds_train,0,0.0001,224,512,48.12343716621399,42.18415319919586,100.0,True,9.221512407958632e-08,42.18415451049805,467,46.3519287109375,466,60.15037155151367,133,63.15789031982422,133
3,splice_crp_kl,original_ds_train,0,0.001,224,512,47.62302041053772,40.899357199668884,100.0,True,8.54733899485348e-08,40.899356842041016,467,46.3519287109375,466,59.398494720458984,133,63.90977478027344,133
3,splice_crp_kl,original_ds_train,0,0.01,224,512,47.45621383190155,39.828693866729736,100.0,True,8.650861026409263e-08,39.82869338989258,467,46.7811164855957,466,60.90225601196289,133,63.15789031982422,133
3,splice_crp_kl,original_ds_train,0,0.1,224,512,47.539615631103516,38.97216320037842,95.98214030265808,True,8.906938920444363e-08,38.972164154052734,467,46.56652069091797,466,63.90977478027344,133,64.66165161132812,133
3,splice_crp_kl,balanced_14_per_group,101,0.0001,56,512,47.12260365486145,33.47639441490173,100.0,True,9.862585624215484e-08,50.53533172607422,467,33.47639465332031,466,56.39097595214844,133,73.68421173095703,133
3,splice_crp_kl,balanced_14_per_group,101,0.001,56,512,46.87239229679108,33.47639441490173,100.0,True,8.577387709480849e-08,50.321197509765625,467,33.47639465332031,466,55.63909912109375,133,72.93233489990234,133
3,splice_crp_kl,balanced_14_per_group,101,0.01,56,512,46.705588698387146,32.618024945259094,100.0,True,7.838739242611598e-08,50.963600158691406,467,32.61802673339844,466,54.8872184753418,133,72.93233489990234,133
3,splice_crp_kl,balanced_14_per_group,101,0.1,56,512,46.705588698387146,31.759655475616455,100.0,True,8.993610009890365e-08,52.24839401245117,467,31.759654998779297,466,53.38345718383789,133,72.93233489990234,133
3,splice_crp_kl,balanced_14_per_group,102,0.0001,56,512,50.291907787323,42.61241853237152,100.0,True,8.138072635602864e-08,42.61241912841797,467,51.93132781982422,466,64.66165161132812,133,57.142860412597656,133
3,splice_crp_kl,balanced_14_per_group,102,0.001,56,512,50.54211616516113,43.04068386554718,100.0,True,9.943676871744604e-08,43.04068374633789,467,51.716739654541016,466,66.16541290283203,133,57.142860412597656,133
3,splice_crp_kl,balanced_14_per_group,102,0.01,56,512,50.20850896835327,42.61241853237152,100.0,True,8.352324893648108e-08,42.61241912841797,467,51.50214385986328,466,65.41353607177734,133,57.142860412597656,133
3,splice_crp_kl,balanced_14_per_group,102,0.1,56,512,49.70808923244476,42.18415319919586,100.0,True,6.442692833050212e-08,42.18415451049805,467,50.858367919921875,466,64.66165161132812,133,57.142860412597656,133
3,splice_crp_kl,balanced_14_per_group,103,0.0001,56,512,56.86405539512634,43.562230467796326,100.0,True,6.262937840658142e-08,68.73661804199219,467,43.56222915649414,466,44.360904693603516,133,74.43609619140625,133
3,splice_crp_kl,balanced_14_per_group,103,0.001,56,512,56.63052797317505,43.347638845443726,100.0,True,9.840991969504672e-08,68.5224838256836,467,43.34763717651367,466,43.60902404785156,133,74.43609619140625,133
3,splice_crp_kl,balanced_14_per_group,103,0.01,56,512,56.20517015457154,41.35338366031647,100.0,True,9.270595819054492e-08,68.0942153930664,467,43.34763717651367,466,41.3533821105957,133,74.43609619140625,133
3,splice_crp_kl,balanced_14_per_group,103,0.1,56,512,56.29691481590271,39.849624037742615,100.0,True,9.243946077304097e-08,67.88008880615234,467,43.991416931152344,466,39.84962463378906,133,75.18797302246094,133
3,splice_crp_kl,balanced_28_per_group,101,0.0001,112,512,45.6213504076004,39.40042853355408,100.0,True,9.050090499620659e-08,39.400428771972656,467,42.91845703125,466,54.8872184753418,133,67.66917419433594,133
3,splice_crp_kl,balanced_28_per_group,101,0.001,112,512,45.70475518703461,40.042826533317566,100.0,True,6.936472129532223e-08,40.04282760620117,467,42.70386505126953,466,54.13534164428711,133,67.66917419433594,133
3,splice_crp_kl,balanced_28_per_group,101,0.01,112,512,46.45538032054901,40.471091866493225,100.0,True,9.421684728618332e-08,40.471092224121094,467,43.991416931152344,466,54.8872184753418,133,67.66917419433594,133
3,splice_crp_kl,balanced_28_per_group,101,0.1,112,512,48.540449142456055,43.46895217895508,100.0,True,6.296612673883234e-08,43.46895217895508,467,46.1373405456543,466,54.8872184753418,133,68.42105102539062,133
3,splice_crp_kl,balanced_28_per_group,102,0.0001,112,512,54.7122597694397,48.82226884365082,100.0,True,9.809926196696406e-08,48.822269439697266,467,59.22746658325195,466,58.6466178894043,133,55.63909912109375,133
3,splice_crp_kl,balanced_28_per_group,102,0.001,112,512,54.46205139160156,48.17987084388733,100.0,True,9.136748985264518e-08,48.17987060546875,467,59.22746658325195,466,58.6466178894043,133,55.63909912109375,133
3,splice_crp_kl,balanced_28_per_group,102,0.01,112,512,54.29524779319763,48.17987084388733,100.0,True,9.008521794132661e-08,48.17987060546875,467,58.58368682861328,466,58.6466178894043,133,56.39097595214844,133
3,splice_crp_kl,balanced_28_per_group,102,0.1,112,512,53.04420590400696,45.610278844833374,100.0,True,8.581074734635707e-08,45.61027908325195,467,57.08154296875,466,59.398494720458984,133,58.6466178894043,133
3,splice_crp_kl,balanced_28_per_group,103,0.0001,112,512,51.301081776618965,46.13733887672424,100.0,True,8.108662375863174e-08,49.036399841308594,467,46.1373405456543,466,58.6466178894043,133,69.92481231689453,133
3,splice_crp_kl,balanced_28_per_group,103,0.001,112,512,51.70975923538208,46.56652212142944,100.0,True,8.80126465090602e-08,49.67879867553711,467,46.56652069091797,466,58.6466178894043,133,69.92481231689453,133
3,splice_crp_kl,balanced_28_per_group,103,0.01,112,512,52.21017599105835,47.21029996871948,100.0,True,7.035765922400552e-08,50.74946212768555,467,47.21030044555664,466,57.142860412597656,133,69.92481231689453,133
3,splice_crp_kl,balanced_28_per_group,103,0.1,112,512,51.70975923538208,46.35193049907684,100.0,True,5.996238240066646e-08,50.74946212768555,467,46.3519287109375,466,57.142860412597656,133,68.42105102539062,133
4,simclr,original_ds_train,0,0.0001,224,512,54.0450394153595,48.87218177318573,100.0,True,9.384850236921258e-08,53.961456298828125,467,50.858367919921875,466,48.8721809387207,133,70.67668914794922,133
4,simclr,original_ds_train,0,0.001,224,512,53.54462265968323,46.61654233932495,100.0,True,9.185663997409452e-08,53.7473258972168,467,50.42918395996094,466,46.61654281616211,133,70.67668914794922,133
4,simclr,original_ds_train,0,0.01,224,512,53.127604722976685,46.61654233932495,100.0,True,9.871435026375438e-08,53.7473258972168,467,49.141632080078125,466,46.61654281616211,133,71.42857360839844,133
4,simclr,original_ds_train,0,0.1,224,512,54.29524779319763,47.36842215061188,95.08928656578064,True,9.754641121196769e-08,56.316917419433594,467,49.141632080078125,466,47.36842346191406,133,72.18045043945312,133
4,simclr,balanced_14_per_group,101,0.0001,56,512,50.03335922956467,37.12446391582489,100.0,True,7.184632826014861e-08,56.959312438964844,467,37.12446212768555,466,54.8872184753418,133,66.16541290283203,133
4,simclr,balanced_14_per_group,101,0.001,56,512,49.87489581108093,37.33905553817749,100.0,True,9.360041798173191e-08,56.745182037353516,467,37.339054107666016,466,54.13534164428711,133,65.41353607177734,133
4,simclr,balanced_14_per_group,101,0.01,56,512,50.12510418891907,37.33905553817749,100.0,True,9.498675714568212e-08,56.959312438964844,467,37.339054107666016,466,54.8872184753418,133,66.16541290283203,133
4,simclr,balanced_14_per_group,101,0.1,56,512,50.87572932243347,38.62660825252533,100.0,True,7.142312805161893e-08,57.601715087890625,467,38.626609802246094,466,54.8872184753418,133,66.16541290283203,133
4,simclr,balanced_14_per_group,102,0.0001,56,512,56.213510036468506,42.85714328289032,100.0,True,6.697414961931204e-08,56.102783203125,467,62.01716613769531,466,42.85714340209961,133,49.624061584472656,133
4,simclr,balanced_14_per_group,102,0.001,56,512,56.046706438064575,43.609023094177246,100.0,True,8.380186025408142e-08,56.102783203125,467,61.373390197753906,466,43.60902404785156,133,49.624061584472656,133
4,simclr,balanced_14_per_group,102,0.01,56,512,56.63052797317505,45.1127827167511,100.0,True,9.69658812114858e-08,56.745182037353516,467,61.15879821777344,466,45.1127815246582,133,51.87969970703125,133
4,simclr,balanced_14_per_group,102,0.1,56,512,55.62968850135803,45.1127827167511,100.0,True,9.137913655312205e-08,55.88865280151367,467,59.871246337890625,466,45.1127815246582,133,50.375938415527344,133
4,simclr,balanced_14_per_group,103,0.0001,56,512,55.21267652511597,33.88412117958069,100.0,True,9.029093100749501e-08,74.08993530273438,467,33.905582427978516,466,41.3533821105957,133,77.44361114501953,133
4,simclr,balanced_14_per_group,103,0.001,56,512,55.3794801235199,33.90558063983917,100.0,True,4.600184401335134e-08,74.30406951904297,467,33.905582427978516,466,41.3533821105957,133,78.19548797607422,133
4,simclr,balanced_14_per_group,103,0.01,56,512,55.546289682388306,34.33476388454437,100.0,True,6.551740423204179e-08,74.51820373535156,467,34.33476257324219,466,41.3533821105957,133,77.44361114501953,133
4,simclr,balanced_14_per_group,103,0.1,56,512,54.7956645488739,33.69098603725433,100.0,True,9.429687787164062e-08,73.01927185058594,467,33.69098663330078,466,41.3533821105957,133,78.19548797607422,133
4,simclr,balanced_28_per_group,101,0.0001,112,512,49.6246874332428,42.060086131095886,100.0,True,7.999723007457997e-08,52.24839401245117,467,42.06008529663086,466,48.8721809387207,133,67.66917419433594,133
4,simclr,balanced_28_per_group,101,0.001,112,512,49.45788085460663,41.63089990615845,100.0,True,9.517615110935613e-08,52.4625244140625,467,41.63090133666992,466,48.12030029296875,133,67.66917419433594,133
4,simclr,balanced_28_per_group,101,0.01,112,512,50.3753125667572,41.845494508743286,100.0,True,9.841840915890757e-08,53.7473258972168,467,41.84549331665039,466,48.8721809387207,133,69.92481231689453,133
4,simclr,balanced_28_per_group,101,0.1,112,512,50.79232454299927,41.41630828380585,100.0,True,6.134323712056813e-08,55.67451858520508,467,41.41630935668945,466,48.12030029296875,133,69.17292785644531,133
4,simclr,balanced_28_per_group,102,0.0001,112,512,49.70808923244476,45.396146178245544,100.0,True,8.90254242969505e-08,45.39614486694336,467,48.927040100097656,466,52.6315803527832,133,64.66165161132812,133
4,simclr,balanced_28_per_group,102,0.001,112,512,49.6246874332428,45.396146178245544,100.0,True,7.188300693515537e-08,45.39614486694336,467,48.283260345458984,466,53.38345718383789,133,65.41353607177734,133
4,simclr,balanced_28_per_group,102,0.01,112,512,49.37447905540466,44.3254828453064,100.0,True,9.234121450111036e-08,44.32548141479492,467,48.068668365478516,466,54.8872184753418,133,66.16541290283203,133
4,simclr,balanced_28_per_group,102,0.1,112,512,49.37447905540466,45.610278844833374,99.10714030265808,True,8.853972879472802e-08,45.61027908325195,467,46.7811164855957,466,52.6315803527832,133,68.42105102539062,133
4,simclr,balanced_28_per_group,103,0.0001,112,512,53.79483103752136,44.36090290546417,100.0,True,9.753610860976084e-08,59.7430419921875,467,48.283260345458984,466,44.360904693603516,133,61.65413284301758,133
4,simclr,balanced_28_per_group,103,0.001,112,512,53.71142625808716,44.36090290546417,100.0,True,7.737069435138748e-08,59.52890396118164,467,48.068668365478516,466,44.360904693603516,133,62.40601348876953,133
4,simclr,balanced_28_per_group,103,0.01,112,512,53.79483103752136,43.609023094177246,100.0,True,9.505568080900827e-08,59.7430419921875,467,47.85407638549805,466,43.60902404785156,133,63.90977478027344,133
4,simclr,balanced_28_per_group,103,0.1,112,512,53.29441428184509,45.1127827167511,100.0,True,9.566594384464305e-08,59.31477355957031,467,45.92274856567383,466,45.1127815246582,133,66.16541290283203,133
4,crp_sampler_only,original_ds_train,0,0.0001,224,512,57.63136148452759,52.63158082962036,100.0,True,8.595325775229555e-08,60.385440826416016,467,54.506439208984375,466,52.6315803527832,133,63.90977478027344,133
4,crp_sampler_only,original_ds_train,0,0.001,224,512,57.63136148452759,52.63158082962036,100.0,True,8.353602098136383e-08,59.31477355957031,467,54.72102737426758,466,52.6315803527832,133,66.91729736328125,133
4,crp_sampler_only,original_ds_train,0,0.01,224,512,56.213510036468506,52.57510542869568,100.0,True,8.42601227662304e-08,58.45824432373047,467,52.575103759765625,466,52.6315803527832,133,64.66165161132812,133
4,crp_sampler_only,original_ds_train,0,0.1,224,512,56.213510036468506,51.879698038101196,94.64285969734192,True,7.235303747744806e-08,56.53104782104492,467,54.07725524902344,466,51.87969970703125,133,66.91729736328125,133
4,crp_sampler_only,balanced_14_per_group,101,0.0001,56,512,53.29441428184509,41.845494508743286,100.0,True,9.893334819288663e-08,61.027835845947266,467,41.84549331665039,466,54.8872184753418,133,64.66165161132812,133
4,crp_sampler_only,balanced_14_per_group,101,0.001,56,512,53.54462265968323,43.133047223091125,100.0,True,3.8793233109272194e-08,60.599571228027344,467,43.13304901123047,466,54.13534164428711,133,64.66165161132812,133
4,crp_sampler_only,balanced_14_per_group,101,0.01,56,512,53.628021478652954,43.562230467796326,100.0,True,8.219430029405162e-08,60.385440826416016,467,43.56222915649414,466,53.38345718383789,133,65.41353607177734,133
4,crp_sampler_only,balanced_14_per_group,101,0.1,56,512,54.128438234329224,44.849786162376404,100.0,True,9.853002128773491e-08,61.027835845947266,467,44.84978485107422,466,52.6315803527832,133,63.90977478027344,133
4,crp_sampler_only,balanced_14_per_group,102,0.0001,56,512,55.21267652511597,42.85714328289032,100.0,True,8.743629144437449e-08,57.81584548950195,467,57.296138763427734,466,42.85714340209961,133,51.12782287597656,133
4,crp_sampler_only,balanced_14_per_group,102,0.001,56,512,55.4628849029541,44.36090290546417,100.0,True,5.775402488401418e-08,57.601715087890625,467,57.72532272338867,466,44.360904693603516,133,51.12782287597656,133
4,crp_sampler_only,balanced_14_per_group,102,0.01,56,512,55.546289682388306,45.864662528038025,100.0,True,3.306358932811653e-08,57.1734504699707,467,57.939918518066406,466,45.864662170410156,133,51.12782287597656,133
4,crp_sampler_only,balanced_14_per_group,102,0.1,56,512,55.3794801235199,46.61654233932495,100.0,True,8.931840542666394e-08,55.46038818359375,467,58.36909866333008,466,46.61654281616211,133,53.38345718383789,133
4,crp_sampler_only,balanced_14_per_group,103,0.0001,56,512,50.959134101867676,42.703863978385925,100.0,True,9.12688078202899e-08,52.89078903198242,467,42.70386505126953,466,57.894737243652344,133,66.16541290283203,133
4,crp_sampler_only,balanced_14_per_group,103,0.001,56,512,51.125937700271606,42.703863978385925,100.0,True,9.9208445248272e-08,53.319053649902344,467,42.70386505126953,466,57.894737243652344,133,66.16541290283203,133
4,crp_sampler_only,balanced_14_per_group,103,0.01,56,512,51.54294967651367,42.703863978385925,100.0,True,4.2582924130688416e-08,54.17559051513672,467,42.70386505126953,466,57.894737243652344,133,66.91729736328125,133
4,crp_sampler_only,balanced_14_per_group,103,0.1,56,512,52.627187967300415,43.347638845443726,100.0,True,2.982326728195178e-08,55.88865280151367,467,43.34763717651367,466,57.142860412597656,133,69.17292785644531,133
4,crp_sampler_only,balanced_28_per_group,101,0.0001,112,512,56.79733157157898,55.88865280151367,100.0,True,9.554855743860725e-08,55.88865280151367,467,56.008583068847656,466,56.39097595214844,133,63.15789031982422,133
4,crp_sampler_only,balanced_28_per_group,101,0.001,112,512,56.96413516998291,55.88865280151367,100.0,True,8.207385663077575e-08,55.88865280151367,467,56.22317886352539,466,57.894737243652344,133,62.40601348876953,133
4,crp_sampler_only,balanced_28_per_group,101,0.01,112,512,56.547123193740845,55.364805459976196,100.0,True,9.984077905484464e-08,56.316917419433594,467,55.36480712890625,466,56.39097595214844,133,61.65413284301758,133
4,crp_sampler_only,balanced_28_per_group,101,0.1,112,512,56.380319595336914,54.72102761268616,100.0,True,8.709411316622229e-08,55.67451858520508,467,54.72102737426758,466,55.63909912109375,133,65.41353607177734,133
4,crp_sampler_only,balanced_28_per_group,102,0.0001,112,512,56.29691481590271,54.389721155166626,100.0,True,8.692130689180537e-08,54.38972091674805,467,56.008583068847656,466,56.39097595214844,133,63.90977478027344,133
4,crp_sampler_only,balanced_28_per_group,102,0.001,112,512,56.63052797317505,53.96145582199097,100.0,True,8.809829371700037e-08,53.961456298828125,467,56.65236282348633,466,58.6466178894043,133,63.90977478027344,133
4,crp_sampler_only,balanced_28_per_group,102,0.01,112,512,55.4628849029541,50.96359848976135,100.0,True,9.074103046930772e-08,50.963600158691406,467,56.65236282348633,466,58.6466178894043,133,63.90977478027344,133
4,crp_sampler_only,balanced_28_per_group,102,0.1,112,512,53.628021478652954,47.32334017753601,99.10714030265808,True,9.443367456757334e-08,47.323341369628906,467,55.15021514892578,466,57.142860412597656,133,66.91729736328125,133
4,crp_sampler_only,balanced_28_per_group,103,0.0001,112,512,53.628021478652954,48.06866943836212,100.0,True,8.209655954155172e-08,58.6723747253418,467,48.068668365478516,466,48.12030029296875,133,60.90225601196289,133
4,crp_sampler_only,balanced_28_per_group,103,0.001,112,512,53.127604722976685,46.78111672401428,100.0,True,7.360034840050642e-08,58.244110107421875,467,46.7811164855957,466,48.8721809387207,133,61.65413284301758,133
4,crp_sampler_only,balanced_28_per_group,103,0.01,112,512,53.04420590400696,46.35193049907684,100.0,True,9.574077924532319e-08,58.244110107421875,467,46.3519287109375,466,48.8721809387207,133,62.40601348876953,133
4,crp_sampler_only,balanced_28_per_group,103,0.1,112,512,52.460384368896484,44.420599937438965,100.0,True,9.799015002632389e-08,57.601715087890625,467,44.42060089111328,466,48.8721809387207,133,66.16541290283203,133
4,raw_clip_kl,original_ds_train,0,0.0001,224,512,51.20100200176238,47.21029996871948,100.0,True,9.654725836463578e-08,50.321197509765625,467,47.21030044555664,466,54.13534164428711,133,65.41353607177734,133
4,raw_clip_kl,original_ds_train,0,0.001,224,512,51.459550857543945,48.06866943836212,100.0,True,9.386316142032374e-08,50.53533172607422,467,48.068668365478516,466,53.38345718383789,133,64.66165161132812,133
4,raw_clip_kl,original_ds_train,0,0.01,224,512,51.626354455947876,48.28326106071472,100.0,True,7.76138441840532e-08,50.321197509765625,467,48.283260345458984,466,54.13534164428711,133,65.41353607177734,133
4,raw_clip_kl,original_ds_train,0,0.1,224,512,51.626354455947876,48.60813617706299,95.53571343421936,True,9.246547030892886e-08,48.60813522338867,467,48.927040100097656,466,56.39097595214844,133,66.91729736328125,133
4,raw_clip_kl,balanced_14_per_group,101,0.0001,56,512,50.291907787323,48.60813617706299,100.0,True,8.716776728220454e-08,48.60813522338867,467,49.78540802001953,466,55.63909912109375,133,52.6315803527832,133
4,raw_clip_kl,balanced_14_per_group,101,0.001,56,512,50.79232454299927,48.39400351047516,100.0,True,8.345828501995811e-08,48.394004821777344,467,50.643775939941406,466,57.142860412597656,133,53.38345718383789,133
4,raw_clip_kl,balanced_14_per_group,101,0.01,56,512,51.0425329208374,48.17987084388733,100.0,True,9.364808419877468e-08,48.17987060546875,467,51.28755569458008,466,57.894737243652344,133,53.38345718383789,133
4,raw_clip_kl,balanced_14_per_group,101,0.1,56,512,51.959967613220215,48.60813617706299,100.0,True,9.567237305960511e-08,48.60813522338867,467,52.78969955444336,466,57.894737243652344,133,54.8872184753418,133
4,raw_clip_kl,balanced_14_per_group,102,0.0001,56,512,55.713093280792236,45.1127827167511,100.0,True,8.933149599148652e-08,53.961456298828125,467,62.44635009765625,466,48.8721809387207,133,45.1127815246582,133
4,raw_clip_kl,balanced_14_per_group,102,0.001,56,512,55.4628849029541,44.36090290546417,100.0,True,8.245173981229529e-08,53.5331916809082,467,62.44635009765625,466,48.8721809387207,133,44.360904693603516,133
4,raw_clip_kl,balanced_14_per_group,102,0.01,56,512,55.713093280792236,45.1127827167511,100.0,True,9.513754909807953e-08,54.17559051513672,467,62.23176193237305,466,48.8721809387207,133,45.1127815246582,133
4,raw_clip_kl,balanced_14_per_group,102,0.1,56,512,55.4628849029541,46.61654233932495,100.0,True,8.376063142818274e-08,53.5331916809082,467,61.80257797241211,466,48.8721809387207,133,46.61654281616211,133
4,raw_clip_kl,balanced_14_per_group,103,0.0001,56,512,57.13094472885132,47.36842215061188,100.0,True,9.167850164201471e-08,63.38330078125,467,49.78540802001953,466,47.36842346191406,133,70.67668914794922,133
4,raw_clip_kl,balanced_14_per_group,103,0.001,56,512,56.96413516998291,47.36842215061188,100.0,True,6.601094312240756e-08,62.95503234863281,467,49.78540802001953,466,47.36842346191406,133,70.67668914794922,133
4,raw_clip_kl,balanced_14_per_group,103,0.01,56,512,56.96413516998291,47.36842215061188,100.0,True,4.73274757903353e-08,62.95503234863281,467,49.356224060058594,466,47.36842346191406,133,72.18045043945312,133
4,raw_clip_kl,balanced_14_per_group,103,0.1,56,512,56.79733157157898,45.1127827167511,100.0,True,9.16044304057062e-08,64.02569580078125,467,48.49785232543945,466,45.1127815246582,133,72.18045043945312,133
4,raw_clip_kl,balanced_28_per_group,101,0.0001,112,512,52.960801124572754,47.9657381772995,100.0,True,9.274931807735819e-08,47.965736389160156,467,57.51072692871094,466,54.13534164428711,133,53.38345718383789,133
4,raw_clip_kl,balanced_28_per_group,101,0.001,112,512,53.04420590400696,47.75160551071167,100.0,True,9.015725302462859e-08,47.75160598754883,467,57.51072692871094,466,54.8872184753418,133,54.13534164428711,133
4,raw_clip_kl,balanced_28_per_group,101,0.01,112,512,52.71059274673462,48.60813617706299,100.0,True,9.438127446812286e-08,48.60813522338867,467,56.008583068847656,466,54.8872184753418,133,53.38345718383789,133
4,raw_clip_kl,balanced_28_per_group,101,0.1,112,512,53.29441428184509,48.82226884365082,100.0,True,7.210126135633738e-08,48.822269439697266,467,56.437767028808594,466,55.63909912109375,133,55.63909912109375,133
4,raw_clip_kl,balanced_28_per_group,102,0.0001,112,512,50.05003988742829,43.91863077878952,100.0,True,9.537236998501377e-08,43.897216796875,467,50.643775939941406,466,54.8872184753418,133,64.66165161132812,133
4,raw_clip_kl,balanced_28_per_group,102,0.001,112,512,49.87489581108093,43.68308484554291,100.0,True,5.6800143504073775e-08,43.68308639526367,467,50.42918395996094,466,54.8872184753418,133,64.66165161132812,133
4,raw_clip_kl,balanced_28_per_group,102,0.01,112,512,50.12510418891907,43.89721751213074,100.0,True,9.915324687898627e-08,43.897216796875,467,51.072959899902344,466,54.13534164428711,133,64.66165161132812,133
4,raw_clip_kl,balanced_28_per_group,102,0.1,112,512,51.20934247970581,46.25267684459686,99.10714030265808,True,9.053402420713258e-08,46.25267791748047,467,51.072959899902344,466,55.63909912109375,133,64.66165161132812,133
4,raw_clip_kl,balanced_28_per_group,103,0.0001,112,512,54.386987090110786,49.5708167552948,100.0,True,9.408462880669492e-08,57.387577056884766,467,49.57081604003906,466,50.375938415527344,133,64.66165161132812,133
4,raw_clip_kl,balanced_28_per_group,103,0.001,112,512,54.62885499000549,49.5708167552948,100.0,True,8.521680606402449e-08,57.601715087890625,467,49.57081604003906,466,50.375938415527344,133,66.16541290283203,133
4,raw_clip_kl,balanced_28_per_group,103,0.01,112,512,54.87906336784363,50.0,100.0,True,9.252978433308724e-08,58.02997970581055,467,50.0,466,50.375938415527344,133,65.41353607177734,133
4,raw_clip_kl,balanced_28_per_group,103,0.1,112,512,54.46205139160156,48.92703890800476,100.0,True,7.502130108111293e-08,57.81584548950195,467,48.927040100097656,466,50.375938415527344,133,66.16541290283203,133
4,raw_clip_sampler_only,original_ds_train,0,0.0001,224,512,51.626354455947876,47.21029996871948,100.0,True,9.481566962036046e-08,51.39186477661133,467,47.21030044555664,466,56.39097595214844,133,63.15789031982422,133
4,raw_clip_sampler_only,original_ds_train,0,0.001,224,512,51.29274129867554,46.35193049907684,100.0,True,8.534282087171692e-08,51.39186477661133,467,46.3519287109375,466,56.39097595214844,133,63.15789031982422,133
4,raw_clip_sampler_only,original_ds_train,0,0.01,224,512,50.959134101867676,46.35193049907684,100.0,True,9.44525411236772e-08,50.53533172607422,467,46.3519287109375,466,57.894737243652344,133,61.65413284301758,133
4,raw_clip_sampler_only,original_ds_train,0,0.1,224,512,51.54294967651367,48.28326106071472,97.32142686843872,True,9.659059921514335e-08,49.46466827392578,467,48.283260345458984,466,57.894737243652344,133,63.90977478027344,133
4,raw_clip_sampler_only,balanced_14_per_group,101,0.0001,56,512,50.79232454299927,46.13733887672424,100.0,True,6.317741726140306e-08,53.7473258972168,467,46.1373405456543,466,57.142860412597656,133,50.375938415527344,133
4,raw_clip_sampler_only,balanced_14_per_group,101,0.001,56,512,50.62552094459534,45.493561029434204,100.0,True,9.788693524253781e-08,54.17559051513672,467,45.493560791015625,466,56.39097595214844,133,50.375938415527344,133
4,raw_clip_sampler_only,balanced_14_per_group,101,0.01,56,512,50.3753125667572,46.13733887672424,100.0,True,8.1904581421678e-08,53.319053649902344,467,46.1373405456543,466,54.13534164428711,133,51.12782287597656,133
4,raw_clip_sampler_only,balanced_14_per_group,101,0.1,56,512,51.125937700271606,46.56652212142944,100.0,True,9.876516429913398e-08,54.17559051513672,467,46.56652069091797,466,54.13534164428711,133,53.38345718383789,133
4,raw_clip_sampler_only,balanced_14_per_group,102,0.0001,56,512,54.028358459472656,44.36090290546417,100.0,True,8.907141348343059e-08,52.676658630371094,467,59.01287841796875,466,51.12782287597656,133,44.360904693603516,133
4,raw_clip_sampler_only,balanced_14_per_group,102,0.001,56,512,53.87822985649109,44.36090290546417,100.0,True,9.681511666729918e-08,52.89078903198242,467,58.36909866333008,466,51.12782287597656,133,44.360904693603516,133
4,raw_clip_sampler_only,balanced_14_per_group,102,0.01,56,512,53.54462265968323,44.36090290546417,100.0,True,7.029524341651129e-08,53.10492706298828,467,57.08154296875,466,51.87969970703125,133,44.360904693603516,133
4,raw_clip_sampler_only,balanced_14_per_group,102,0.1,56,512,53.37781310081482,45.1127827167511,100.0,True,9.192809937450322e-08,52.676658630371094,467,57.08154296875,466,51.12782287597656,133,45.1127815246582,133
4,raw_clip_sampler_only,balanced_14_per_group,103,0.0001,56,512,54.96246814727783,42.703863978385925,100.0,True,9.70569482401639e-08,64.8822250366211,467,42.70386505126953,466,44.360904693603516,133,73.68421173095703,133
4,raw_clip_sampler_only,balanced_14_per_group,103,0.001,56,512,54.7956645488739,42.489269375801086,100.0,True,9.351269168593365e-08,64.66809844970703,467,42.4892692565918,466,44.360904693603516,133,73.68421173095703,133
4,raw_clip_sampler_only,balanced_14_per_group,103,0.01,56,512,55.29608130455017,42.918455600738525,100.0,True,9.29984723131762e-08,65.73875427246094,467,42.91845703125,466,44.360904693603516,133,72.93233489990234,133
4,raw_clip_sampler_only,balanced_14_per_group,103,0.1,56,512,55.713093280792236,43.133047223091125,100.0,True,8.427984082848283e-08,65.73875427246094,467,43.13304901123047,466,45.864662170410156,133,74.43609619140625,133
4,raw_clip_sampler_only,balanced_28_per_group,101,0.0001,112,512,50.12510418891907,44.967880845069885,100.0,True,6.652489209571578e-08,44.96788024902344,467,51.93132781982422,466,59.398494720458984,133,52.6315803527832,133
4,raw_clip_sampler_only,balanced_28_per_group,101,0.001,112,512,50.04169940948486,44.967880845069885,100.0,True,8.837654749877156e-08,44.96788024902344,467,51.716739654541016,466,58.6466178894043,133,53.38345718383789,133
4,raw_clip_sampler_only,balanced_28_per_group,101,0.01,112,512,50.291907787323,45.396146178245544,100.0,True,8.70178277215727e-08,45.39614486694336,467,52.14592361450195,466,57.894737243652344,133,53.38345718383789,133
4,raw_clip_sampler_only,balanced_28_per_group,101,0.1,112,512,50.04169940948486,45.182013511657715,100.0,True,4.119988931440555e-08,45.18201446533203,467,51.50214385986328,466,58.6466178894043,133,53.38345718383789,133
4,raw_clip_sampler_only,balanced_28_per_group,102,0.0001,112,512,47.78982400894165,42.18415319919586,100.0,True,8.314356847527332e-08,42.18415451049805,467,43.991416931152344,466,60.90225601196289,133,67.66917419433594,133
4,raw_clip_sampler_only,balanced_28_per_group,102,0.001,112,512,48.131777346134186,42.39828586578369,100.0,True,7.001320337616807e-08,42.398284912109375,467,44.42060089111328,466,60.90225601196289,133,68.42105102539062,133
4,raw_clip_sampler_only,balanced_28_per_group,102,0.01,112,512,47.78982400894165,41.7558878660202,100.0,True,9.58775651475896e-08,41.75588607788086,467,44.20600891113281,466,60.90225601196289,133,68.42105102539062,133
4,raw_clip_sampler_only,balanced_28_per_group,102,0.1,112,512,47.372812032699585,39.828693866729736,99.10714030265808,True,4.073830488888434e-08,39.82869338989258,467,45.278968811035156,466,61.65413284301758,133,66.91729736328125,133
4,raw_clip_sampler_only,balanced_28_per_group,103,0.0001,112,512,53.811511397361755,48.94849807024002,100.0,True,7.864270561673336e-08,56.102783203125,467,48.927040100097656,466,54.13534164428711,133,62.40601348876953,133
4,raw_clip_sampler_only,balanced_28_per_group,103,0.001,112,512,53.96163463592529,48.71244728565216,100.0,True,9.736783610094337e-08,56.745182037353516,467,48.71244812011719,466,54.13534164428711,133,62.40601348876953,133
4,raw_clip_sampler_only,balanced_28_per_group,103,0.01,112,512,53.71142625808716,48.06866943836212,100.0,True,8.212610737030456e-08,56.53104782104492,467,48.068668365478516,466,54.8872184753418,133,62.40601348876953,133
4,raw_clip_sampler_only,balanced_28_per_group,103,0.1,112,512,54.7122597694397,49.14163053035736,100.0,True,8.741435338771586e-08,57.387577056884766,467,49.141632080078125,466,54.8872184753418,133,64.66165161132812,133
4,splice_crp_kl,original_ds_train,0,0.0001,224,512,53.96163463592529,48.120301961898804,100.0,True,9.435237638778305e-08,52.4625244140625,467,54.07725524902344,466,48.12030029296875,133,64.66165161132812,133
4,splice_crp_kl,original_ds_train,0,0.001,224,512,53.87822985649109,46.61654233932495,100.0,True,8.185610001203592e-08,52.89078903198242,467,53.648067474365234,466,46.61654281616211,133,65.41353607177734,133
4,splice_crp_kl,original_ds_train,0,0.01,224,512,53.21100950241089,46.61654233932495,100.0,True,4.765424829484416e-08,52.676658630371094,467,53.2188835144043,466,46.61654281616211,133,61.65413284301758,133
4,splice_crp_kl,original_ds_train,0,0.1,224,512,54.7956645488739,49.624061584472656,95.08928656578064,True,6.302982333544066e-08,53.5331916809082,467,54.93562316894531,466,49.624061584472656,133,63.90977478027344,133
4,splice_crp_kl,balanced_14_per_group,101,0.0001,56,512,53.54462265968323,42.274677753448486,100.0,True,8.63324384693804e-08,60.81370544433594,467,42.27467727661133,466,53.38345718383789,133,67.66917419433594,133
4,splice_crp_kl,balanced_14_per_group,101,0.001,56,512,53.54462265968323,42.274677753448486,100.0,True,7.659720402443675e-08,60.81370544433594,467,42.27467727661133,466,53.38345718383789,133,67.66917419433594,133
4,splice_crp_kl,balanced_14_per_group,101,0.01,56,512,53.87822985649109,42.703863978385925,100.0,True,9.604145184726517e-08,61.241973876953125,467,42.70386505126953,466,54.8872184753418,133,66.16541290283203,133
4,splice_crp_kl,balanced_14_per_group,101,0.1,56,512,53.71142625808716,43.562230467796326,100.0,True,9.578475791346963e-08,59.31477355957031,467,43.56222915649414,466,52.6315803527832,133,70.67668914794922,133
4,splice_crp_kl,balanced_14_per_group,102,0.0001,56,512,55.054212808609,46.61654233932495,100.0,True,9.81302105517333e-08,53.961456298828125,467,59.01287841796875,466,46.61654281616211,133,53.38345718383789,133
4,splice_crp_kl,balanced_14_per_group,102,0.001,56,512,55.045872926712036,47.36842215061188,100.0,True,6.410995850070898e-08,54.38972091674805,467,57.939918518066406,466,47.36842346191406,133,54.8872184753418,133
4,splice_crp_kl,balanced_14_per_group,102,0.01,56,512,54.7956645488739,45.864662528038025,100.0,True,7.512561025203282e-08,53.10492706298828,467,58.798282623291016,466,45.864662170410156,133,55.63909912109375,133
4,splice_crp_kl,balanced_14_per_group,102,0.1,56,512,54.29524779319763,44.36090290546417,100.0,True,7.390915901083622e-08,51.82012939453125,467,59.22746658325195,466,44.360904693603516,133,55.63909912109375,133
4,splice_crp_kl,balanced_14_per_group,103,0.0001,56,512,52.87739634513855,44.206008315086365,100.0,True,9.437168322096695e-08,58.45824432373047,467,44.20600891113281,466,49.624061584472656,133,66.91729736328125,133
4,splice_crp_kl,balanced_14_per_group,103,0.001,56,512,53.21100950241089,44.420599937438965,100.0,True,8.171900908516855e-08,58.88650894165039,467,44.42060089111328,466,49.624061584472656,133,67.66917419433594,133
4,splice_crp_kl,balanced_14_per_group,103,0.01,56,512,53.54462265968323,44.206008315086365,100.0,True,9.863516095020056e-08,59.31477355957031,467,44.20600891113281,466,49.624061584472656,133,69.92481231689453,133
4,splice_crp_kl,balanced_14_per_group,103,0.1,56,512,54.0450394153595,43.133047223091125,100.0,True,9.258648524202925e-08,61.45610046386719,467,43.13304901123047,466,48.8721809387207,133,71.42857360839844,133
4,splice_crp_kl,balanced_28_per_group,101,0.0001,112,512,54.7956645488739,51.39186382293701,100.0,True,7.62065389076424e-08,51.39186477661133,467,54.93562316894531,466,55.63909912109375,133,65.41353607177734,133
4,splice_crp_kl,balanced_28_per_group,101,0.001,112,512,54.7956645488739,51.39186382293701,100.0,True,7.837680721299004e-08,51.39186477661133,467,55.15021514892578,466,55.63909912109375,133,64.66165161132812,133
4,splice_crp_kl,balanced_28_per_group,101,0.01,112,512,54.7956645488739,51.82012915611267,100.0,True,8.782342683709247e-08,51.82012939453125,467,54.93562316894531,466,54.13534164428711,133,65.41353607177734,133
4,splice_crp_kl,balanced_28_per_group,101,0.1,112,512,54.7122597694397,53.53319048881531,99.10714030265808,True,9.740372380060217e-08,53.5331916809082,467,53.8626594543457,466,54.13534164428711,133,62.40601348876953,133
4,splice_crp_kl,balanced_28_per_group,102,0.0001,112,512,54.96246814727783,50.375938415527344,100.0,True,9.03977769215117e-08,51.17772674560547,467,59.01287841796875,466,50.375938415527344,133,58.6466178894043,133
4,splice_crp_kl,balanced_28_per_group,102,0.001,112,512,54.37864661216736,49.892932176589966,100.0,True,4.712334919153939e-08,49.8929328918457,467,58.58368682861328,466,51.87969970703125,133,57.894737243652344,133
4,splice_crp_kl,balanced_28_per_group,102,0.01,112,512,54.0450394153595,49.03640151023865,100.0,True,9.558119410334708e-08,49.036399841308594,467,57.51072692871094,466,53.38345718383789,133,60.15037155151367,133
4,splice_crp_kl,balanced_28_per_group,102,0.1,112,512,52.126771211624146,45.182013511657715,100.0,True,9.608734960302179e-08,45.18201446533203,467,55.15021514892578,466,56.39097595214844,133,61.65413284301758,133
4,splice_crp_kl,balanced_28_per_group,103,0.0001,112,512,56.713926792144775,48.120301961898804,100.0,True,7.846241279131066e-08,61.884368896484375,467,52.36051559448242,466,48.12030029296875,133,62.40601348876953,133
4,splice_crp_kl,balanced_28_per_group,103,0.001,112,512,56.46371841430664,48.120301961898804,100.0,True,9.198627302516005e-08,61.884368896484375,467,51.716739654541016,466,48.12030029296875,133,62.40601348876953,133
4,splice_crp_kl,balanced_28_per_group,103,0.01,112,512,56.046706438064575,48.120301961898804,100.0,True,9.835443027486797e-08,60.81370544433594,467,51.716739654541016,466,48.12030029296875,133,62.40601348876953,133
4,splice_crp_kl,balanced_28_per_group,103,0.1,112,512,56.29691481590271,49.624061584472656,100.0,True,9.191898994991704e-08,60.17130661010742,467,51.50214385986328,466,49.624061584472656,133,66.16541290283203,133
